"id","genus","species","latbi","Year","budburst","increasingLeafSize","leafout","flowers","openFlowers","pollenRelease","fruits","ripeFruits","recentFruitorSeedDrop","coloredLeaves","DBH","accessionDate","lat","long"
"ACRU_1196-84_A","Acer","rubrum","Acer rubrum",2019,103,115,115,97,97,NA,115,144,144,269,27.3,"10-15-1984",42.30388171,-71.12019927
"ACRU_1196-84_A","Acer","rubrum","Acer rubrum",2020,119,124,124,75,75,92,120,148,148,220,27.3,"10-15-1984",42.30388171,-71.12019927
"ACRU_1196-84_A","Acer","rubrum","Acer rubrum",2021,101,114,114,86,86,NA,104,NA,NA,NA,27.3,"10-15-1984",42.30388171,-71.12019927
"ACRU_1196-84_A","Acer","rubrum","Acer rubrum",2022,105,125,125,77,84,NA,105,NA,NA,NA,27.3,"10-15-1984",42.30388171,-71.12019927
"ACRU_1196-84_A","Acer","rubrum","Acer rubrum",2024,107,121,121,NA,90,NA,117,NA,NA,NA,27.3,"10-15-1984",42.30388171,-71.12019927
"ACRU_15350_A","Acer","rubrum","Acer rubrum",2019,91,120,111,86,89,NA,NA,NA,NA,NA,77.5,"04-16-1924",42.30387456,-71.12074952
"ACRU_15350_A","Acer","rubrum","Acer rubrum",2020,105,120,120,71,72,75,NA,NA,NA,220,77.5,"04-16-1924",42.30387456,-71.12074952
"ACRU_15350_A","Acer","rubrum","Acer rubrum",2021,101,114,114,81,84,86,NA,NA,NA,236,77.5,"04-16-1924",42.30387456,-71.12074952
"ACRU_15350_A","Acer","rubrum","Acer rubrum",2022,103,113,113,65,77,90,NA,NA,NA,153,77.5,"04-16-1924",42.30387456,-71.12074952
"ACRU_15350_A","Acer","rubrum","Acer rubrum",2023,102,104,104,NA,82,94,NA,NA,NA,231,77.5,"04-16-1924",42.30387456,-71.12074952
"ACRU_15350_A","Acer","rubrum","Acer rubrum",2024,104,111,111,NA,76,NA,NA,NA,NA,227,77.5,"04-16-1924",42.30387456,-71.12074952
"ACRU_524-2009_A","Acer","rubrum","Acer rubrum",2019,106,120,115,92,96,NA,117,NA,NA,269,64.2,"09-09-2009",42.30316247,-71.12125376
"ACRU_524-2009_A","Acer","rubrum","Acer rubrum",2020,120,126,120,NA,75,NA,124,NA,NA,258,64.2,"09-09-2009",42.30316247,-71.12125376
"ACRU_525-2009_A","Acer","rubrum","Acer rubrum",2019,107,111,111,92,92,NA,NA,NA,NA,286,55.7,"09-09-2009",42.30320004,-71.12119722
"ACRU_525-2009_A","Acer","rubrum","Acer rubrum",2020,120,126,120,NA,75,NA,NA,NA,NA,258,55.7,"09-09-2009",42.30320004,-71.12119722
"ACSA_12565_C","Acer","saccharum","Acer saccharum",2016,121,130,130,118,NA,NA,NA,NA,NA,286,97.6,"10-15-1883",42.30346585,-71.12008242
"ACSA_12565_C","Acer","saccharum","Acer saccharum",2017,101,113,113,108,NA,NA,127,202,259,288,97.6,"10-15-1883",42.30346585,-71.12008242
"ACSA_12565_C","Acer","saccharum","Acer saccharum",2019,109,120,120,NA,NA,NA,NA,NA,NA,276,97.6,"10-15-1883",42.30346585,-71.12008242
"ACSA_12565_C","Acer","saccharum","Acer saccharum",2020,121,126,124,NA,NA,NA,NA,NA,NA,278,97.6,"10-15-1883",42.30346585,-71.12008242
"ACSA_187-2006_B","Acer","saccharum","Acer saccharum",2016,130,133,133,NA,NA,NA,NA,NA,NA,288,21.9,"04-26-2006",42.30431226,-71.12006593
"ACSA_187-2006_B","Acer","saccharum","Acer saccharum",2017,127,131,131,NA,NA,NA,NA,NA,NA,294,21.9,"04-26-2006",42.30431226,-71.12006593
"ACSA_187-2006_B","Acer","saccharum","Acer saccharum",2018,125,130,127,NA,NA,NA,NA,NA,NA,285,21.9,"04-26-2006",42.30431226,-71.12006593
"ACSA_187-2006_B","Acer","saccharum","Acer saccharum",2019,120,126,126,NA,NA,NA,NA,NA,NA,260,21.9,"04-26-2006",42.30431226,-71.12006593
"ACSA_187-2006_B","Acer","saccharum","Acer saccharum",2020,126,133,133,NA,NA,NA,NA,NA,NA,253,21.9,"04-26-2006",42.30431226,-71.12006593
"ACSA_187-2006_B","Acer","saccharum","Acer saccharum",2021,109,126,126,121,121,NA,134,270,283,276,21.9,"04-26-2006",42.30431226,-71.12006593
"ACSA_187-2006_B","Acer","saccharum","Acer saccharum",2022,125,133,133,NA,NA,NA,NA,NA,NA,266,21.9,"04-26-2006",42.30431226,-71.12006593
"ACSA_187-2006_B","Acer","saccharum","Acer saccharum",2023,118,118,118,108,117,121,121,279,279,274,21.9,"04-26-2006",42.30431226,-71.12006593
"ACSA_187-2006_B","Acer","saccharum","Acer saccharum",2024,124,128,128,NA,NA,NA,NA,NA,NA,NA,21.9,"04-26-2006",42.30431226,-71.12006593
"ACSA_20645_A","Acer","saccharum","Acer saccharum",2016,115,118,117,111,111,NA,144,262,NA,293,85.7,"11-09-1928",42.30370116,-71.12007443
"ACSA_20645_A","Acer","saccharum","Acer saccharum",2017,107,113,113,105,113,NA,139,253,172,252,85.7,"11-09-1928",42.30370116,-71.12007443
"ACSA_20645_A","Acer","saccharum","Acer saccharum",2019,109,115,111,NA,NA,NA,NA,263,263,263,85.7,"11-09-1928",42.30370116,-71.12007443
"ACSA_20645_A","Acer","saccharum","Acer saccharum",2020,121,126,124,NA,NA,NA,NA,NA,NA,290,85.7,"11-09-1928",42.30370116,-71.12007443
"ACSA_22834_B","Acer","saccharum","Acer saccharum",2016,109,118,112,108,110,112,125,262,182,293,81.9,"02-02-1950",42.3040241,-71.12065871
"ACSA_22834_B","Acer","saccharum","Acer saccharum",2017,101,110,108,105,108,113,127,253,260,271,81.9,"02-02-1950",42.3040241,-71.12065871
"ACSA_22834_B","Acer","saccharum","Acer saccharum",2019,106,111,111,107,111,114,126,255,262,279,81.9,"02-02-1950",42.3040241,-71.12065871
"ACSA_22834_B","Acer","saccharum","Acer saccharum",2020,122,126,121,108,NA,NA,162,NA,NA,291,81.9,"02-02-1950",42.3040241,-71.12065871
"ACSA_22834_B","Acer","saccharum","Acer saccharum",2021,101,104,103,91,101,109,121,268,268,276,81.9,"02-02-1950",42.3040241,-71.12065871
"ACSA_22834_B","Acer","saccharum","Acer saccharum",2022,125,125,125,NA,NA,NA,NA,NA,NA,153,81.9,"02-02-1950",42.3040241,-71.12065871
"ACSA_22834_B","Acer","saccharum","Acer saccharum",2023,102,104,104,88,102,112,121,263,263,274,81.9,"02-02-1950",42.3040241,-71.12065871
"ACSA_22834_B","Acer","saccharum","Acer saccharum",2024,121,121,121,NA,NA,NA,NA,NA,NA,276,81.9,"02-02-1950",42.3040241,-71.12065871
"ACSA_689-2010_A","Acer","saccharum","Acer saccharum",2016,116,124,130,110,NA,NA,NA,NA,NA,249,78,"11-18-2010",42.2917509,-71.1278148
"ACSA_689-2010_A","Acer","saccharum","Acer saccharum",2017,102,114,108,109,NA,NA,125,200,224,254,78,"11-18-2010",42.2917509,-71.1278148
"ACSA_689-2010_A","Acer","saccharum","Acer saccharum",2020,112,123,123,112,NA,NA,NA,NA,NA,260,78,"11-18-2010",42.2917509,-71.1278148
"ACSA_689-2010_A","Acer","saccharum","Acer saccharum",2021,99,110,110,96,99,NA,118,187,187,289,78,"11-18-2010",42.2917509,-71.1278148
"ACSA_689-2010_A","Acer","saccharum","Acer saccharum",2022,106,120,117,NA,NA,NA,NA,NA,NA,281,78,"11-18-2010",42.2917509,-71.1278148
"AEFL_12651_C","Aesculus","flava","Aesculus flava",2016,105,113,108,110,130,NA,156,274,274,274,35.3,"07-01-1906",42.30355576,-71.1212595
"AEFL_12651_C","Aesculus","flava","Aesculus flava",2017,108,110,108,119,127,NA,NA,NA,NA,NA,35.3,"07-01-1906",42.30355576,-71.1212595
"AEFL_12651_C","Aesculus","flava","Aesculus flava",2018,117,122,122,117,131,NA,151,NA,NA,199,35.3,"07-01-1906",42.30355576,-71.1212595
"AEFL_12651_C","Aesculus","flava","Aesculus flava",2020,101,112,112,108,140,NA,147,NA,271,197,35.3,"07-01-1906",42.30355576,-71.1212595
"AEFL_12651_D","Aesculus","flava","Aesculus flava",2016,111,112,112,113,130,NA,156,262,260,260,60.2,"07-01-1906",42.30351523,-71.12133382
"AEFL_12651_D","Aesculus","flava","Aesculus flava",2017,108,110,108,108,127,NA,NA,NA,NA,267,60.2,"07-01-1906",42.30351523,-71.12133382
"AEFL_12651_D","Aesculus","flava","Aesculus flava",2018,114,122,117,117,133,NA,145,263,263,159,60.2,"07-01-1906",42.30351523,-71.12133382
"AEFL_12651_H","Aesculus","flava","Aesculus flava",2016,110,112,112,112,130,NA,156,262,262,262,49.1,"07-01-1906",42.3035604,-71.12143904
"AEFL_12651_H","Aesculus","flava","Aesculus flava",2017,108,110,108,108,127,NA,NA,NA,NA,NA,49.1,"07-01-1906",42.3035604,-71.12143904
"AEFL_12651_H","Aesculus","flava","Aesculus flava",2018,114,117,117,117,131,NA,145,NA,NA,NA,49.1,"07-01-1906",42.3035604,-71.12143904
"AEFL_12651_I","Aesculus","flava","Aesculus flava",2016,114,119,116,129,NA,NA,166,NA,248,189,61.1,"07-01-1906",42.2931417,-71.12879258
"AEFL_12651_I","Aesculus","flava","Aesculus flava",2017,107,114,114,NA,NA,NA,254,NA,241,247,61.1,"07-01-1906",42.2931417,-71.12879258
"AEFL_12651_I","Aesculus","flava","Aesculus flava",2018,116,121,117,124,141,NA,148,251,251,260,61.1,"07-01-1906",42.2931417,-71.12879258
"AEFL_12651_I","Aesculus","flava","Aesculus flava",2019,104,109,109,115,140,NA,152,248,248,257,61.1,"07-01-1906",42.2931417,-71.12879258
"AEFL_12651_I","Aesculus","flava","Aesculus flava",2020,119,120,120,120,135,NA,155,220,225,190,61.1,"07-01-1906",42.2931417,-71.12879258
"AEFL_12651_I","Aesculus","flava","Aesculus flava",2021,110,110,110,117,NA,NA,143,243,243,272,61.1,"07-01-1906",42.2931417,-71.12879258
"AEFL_12651_I","Aesculus","flava","Aesculus flava",2022,115,115,115,115,128,NA,140,NA,NA,199,61.1,"07-01-1906",42.2931417,-71.12879258
"AEFL_12651_I","Aesculus","flava","Aesculus flava",2024,108,113,113,116,NA,NA,148,NA,NA,245,61.1,"07-01-1906",42.2931417,-71.12879258
"AEFL_925-79_B","Aesculus","flava","Aesculus flava",2016,110,112,112,112,130,NA,144,260,274,252,44.5,"09-24-1979",42.30391297,-71.12232333
"AEFL_925-79_B","Aesculus","flava","Aesculus flava",2017,101,108,108,108,119,NA,136,NA,NA,NA,44.5,"09-24-1979",42.30391297,-71.12232333
"AEFL_925-79_B","Aesculus","flava","Aesculus flava",2018,112,117,116,116,125,NA,151,259,259,178,44.5,"09-24-1979",42.30391297,-71.12232333
"AEFL_925-79_B","Aesculus","flava","Aesculus flava",2019,107,107,107,107,124,NA,142,255,255,185,44.5,"09-24-1979",42.30391297,-71.12232333
"AEFL_925-79_B","Aesculus","flava","Aesculus flava",2020,105,111,111,108,126,NA,147,213,213,183,44.5,"09-24-1979",42.30391297,-71.12232333
"AEFL_925-79_B","Aesculus","flava","Aesculus flava",2021,98,98,98,98,119,NA,134,256,268,196,44.5,"09-24-1979",42.30391297,-71.12232333
"AEFL_925-79_B","Aesculus","flava","Aesculus flava",2022,106,107,107,109,117,NA,138,NA,258,202,44.5,"09-24-1979",42.30391297,-71.12232333
"AEFL_925-79_B","Aesculus","flava","Aesculus flava",2023,102,104,104,103,114,NA,128,250,263,231,44.5,"09-24-1979",42.30391297,-71.12232333
"AEFL_925-79_B","Aesculus","flava","Aesculus flava",2024,106,107,107,107,121,NA,144,NA,NA,227,44.5,"09-24-1979",42.30391297,-71.12232333
"BEAL_12843_A","Betula","alleghaniensis","Betula alleghaniensis",2016,109,121,114,104,114,114,207,229,234,278,73.8,"10-15-1900",42.3020682,-71.12386246
"BEAL_12843_A","Betula","alleghaniensis","Betula alleghaniensis",2017,102,117,117,118,118,NA,156,259,NA,242,73.8,"10-15-1900",42.3020682,-71.12386246
"BEAL_12843_A","Betula","alleghaniensis","Betula alleghaniensis",2018,118,124,122,118,124,NA,151,236,278,256,73.8,"10-15-1900",42.3020682,-71.12386246
"BEAL_12843_A","Betula","alleghaniensis","Betula alleghaniensis",2019,107,114,114,109,124,NA,142,237,265,249,73.8,"10-15-1900",42.3020682,-71.12386246
"BEAL_12843_A","Betula","alleghaniensis","Betula alleghaniensis",2020,110,126,126,119,126,NA,160,236,257,257,73.8,"10-15-1900",42.3020682,-71.12386246
"BEAL_12843_A","Betula","alleghaniensis","Betula alleghaniensis",2021,108,114,114,100,109,NA,152,211,211,261,73.8,"10-15-1900",42.3020682,-71.12386246
"BEAL_12843_A","Betula","alleghaniensis","Betula alleghaniensis",2022,105,125,125,126,NA,NA,147,230,230,250,73.8,"10-15-1900",42.3020682,-71.12386246
"BEAL_12843_A","Betula","alleghaniensis","Betula alleghaniensis",2023,104,104,104,77,104,104,139,228,228,256,73.8,"10-15-1900",42.3020682,-71.12386246
"BEAL_12843_D","Betula","alleghaniensis","Betula alleghaniensis",2016,112,119,119,101,114,124,207,229,NA,271,70.9,"10-15-1900",42.302041,-71.12388059
"BEAL_12843_D","Betula","alleghaniensis","Betula alleghaniensis",2017,102,119,118,118,118,NA,149,NA,NA,242,70.9,"10-15-1900",42.302041,-71.12388059
"BEAL_12843_D","Betula","alleghaniensis","Betula alleghaniensis",2018,114,123,123,122,123,NA,140,251,294,266,70.9,"10-15-1900",42.302041,-71.12388059
"BEAL_12843_D","Betula","alleghaniensis","Betula alleghaniensis",2019,107,122,122,110,115,125,157,212,265,260,70.9,"10-15-1900",42.302041,-71.12388059
"BEAL_12843_D","Betula","alleghaniensis","Betula alleghaniensis",2020,112,126,126,85,NA,NA,184,243,NA,258,70.9,"10-15-1900",42.302041,-71.12388059
"BEAL_12843_E","Betula","alleghaniensis","Betula alleghaniensis",2016,102,121,114,111,111,114,182,229,NA,260,56.2,"10-15-1900",42.30194577,-71.12374252
"BEAL_12843_E","Betula","alleghaniensis","Betula alleghaniensis",2017,102,117,117,118,118,NA,156,251,NA,242,56.2,"10-15-1900",42.30194577,-71.12374252
"BEAL_12843_E","Betula","alleghaniensis","Betula alleghaniensis",2018,114,123,122,118,122,125,144,259,278,272,56.2,"10-15-1900",42.30194577,-71.12374252
"BEAL_12843_E","Betula","alleghaniensis","Betula alleghaniensis",2019,107,122,110,109,111,125,159,249,286,249,56.2,"10-15-1900",42.30194577,-71.12374252
"BEAL_12843_E","Betula","alleghaniensis","Betula alleghaniensis",2020,108,126,126,85,126,NA,160,236,NA,226,56.2,"10-15-1900",42.30194577,-71.12374252
"BEAL_12843_H","Betula","alleghaniensis","Betula alleghaniensis",2016,110,121,121,111,114,124,207,229,NA,281,64.6,"10-15-1900",42.30199149,-71.12371027
"BEAL_12843_H","Betula","alleghaniensis","Betula alleghaniensis",2017,102,117,117,120,120,NA,156,NA,NA,288,64.6,"10-15-1900",42.30199149,-71.12371027
"BEAL_12843_H","Betula","alleghaniensis","Betula alleghaniensis",2018,118,125,122,111,122,NA,154,210,274,277,64.6,"10-15-1900",42.30199149,-71.12371027
"BEAL_12843_H","Betula","alleghaniensis","Betula alleghaniensis",2019,112,122,122,112,NA,NA,258,258,286,265,64.6,"10-15-1900",42.30199149,-71.12371027
"BEAL_12843_H","Betula","alleghaniensis","Betula alleghaniensis",2020,120,126,126,120,NA,NA,264,NA,NA,271,64.6,"10-15-1900",42.30199149,-71.12371027
"BENI_1199_D","Betula","nigra","Betula nigra",2016,114,132,132,124,NA,NA,NA,NA,NA,281,68,"07-17-1877",42.30215088,-71.12401559
"BENI_1199_D","Betula","nigra","Betula nigra",2017,100,119,118,112,118,117,149,162,162,235,68,"07-17-1877",42.30215088,-71.12401559
"BENI_1199_D","Betula","nigra","Betula nigra",2018,125,125,125,122,125,130,154,NA,NA,294,68,"07-17-1877",42.30215088,-71.12401559
"BENI_1199_D","Betula","nigra","Betula nigra",2019,112,124,126,111,NA,NA,155,NA,NA,264,68,"07-17-1877",42.30215088,-71.12401559
"BENI_1199_D","Betula","nigra","Betula nigra",2020,126,133,128,85,128,NA,160,NA,NA,271,68,"07-17-1877",42.30215088,-71.12401559
"BENI_1199_J","Betula","nigra","Betula nigra",2016,114,130,130,124,132,NA,NA,NA,NA,279,89.1,"07-17-1877",42.30252077,-71.12397574
"BENI_1199_J","Betula","nigra","Betula nigra",2017,100,120,118,118,118,117,149,162,162,250,89.1,"07-17-1877",42.30252077,-71.12397574
"BENI_1199_J","Betula","nigra","Betula nigra",2018,122,123,122,122,122,130,154,161,162,272,89.1,"07-17-1877",42.30252077,-71.12397574
"BENI_1199_J","Betula","nigra","Betula nigra",2019,111,115,126,111,130,NA,NA,NA,NA,237,89.1,"07-17-1877",42.30252077,-71.12397574
"BENI_1199_J","Betula","nigra","Betula nigra",2020,126,133,128,120,126,NA,160,167,167,258,89.1,"07-17-1877",42.30252077,-71.12397574
"BENI_1251-79_A","Betula","nigra","Betula nigra",2016,111,130,127,111,114,114,161,165,165,210,78,"12-20-1979",42.30223154,-71.12410601
"BENI_1251-79_A","Betula","nigra","Betula nigra",2017,100,117,108,112,117,117,139,NA,167,202,78,"12-20-1979",42.30223154,-71.12410601
"BENI_1251-79_A","Betula","nigra","Betula nigra",2018,118,125,125,122,124,125,151,162,162,243,78,"12-20-1979",42.30223154,-71.12410601
"BENI_1251-79_A","Betula","nigra","Betula nigra",2019,107,122,122,114,111,124,150,167,168,214,78,"12-20-1979",42.30223154,-71.12410601
"BENI_1251-79_A","Betula","nigra","Betula nigra",2020,126,133,128,120,126,NA,160,167,167,197,78,"12-20-1979",42.30223154,-71.12410601
"BENI_1251-79_A","Betula","nigra","Betula nigra",2024,110,124,124,111,NA,NA,NA,159,NA,NA,78,"12-20-1979",42.30223154,-71.12410601
"BENI_1251-79_B","Betula","nigra","Betula nigra",2016,111,130,125,114,125,132,147,161,161,246,70.8,"12-20-1979",42.30228781,-71.12445659
"BENI_1251-79_B","Betula","nigra","Betula nigra",2017,101,117,117,109,114,117,136,158,158,209,70.8,"12-20-1979",42.30228781,-71.12445659
"BENI_1251-79_B","Betula","nigra","Betula nigra",2018,118,124,122,122,122,NA,138,156,156,250,70.8,"12-20-1979",42.30228781,-71.12445659
"BENI_1251-79_B","Betula","nigra","Betula nigra",2019,107,122,122,107,123,124,152,159,159,230,70.8,"12-20-1979",42.30228781,-71.12445659
"BENI_1251-79_B","Betula","nigra","Betula nigra",2020,126,133,133,120,126,NA,147,160,164,197,70.8,"12-20-1979",42.30228781,-71.12445659
"BENI_1251-79_B","Betula","nigra","Betula nigra",2021,114,122,122,114,116,116,134,NA,NA,261,70.8,"12-20-1979",42.30228781,-71.12445659
"BENI_1251-79_B","Betula","nigra","Betula nigra",2022,103,125,125,103,125,125,147,158,158,238,70.8,"12-20-1979",42.30228781,-71.12445659
"BENI_1251-79_B","Betula","nigra","Betula nigra",2023,104,117,108,101,104,112,139,159,159,231,70.8,"12-20-1979",42.30228781,-71.12445659
"BENI_1251-79_B","Betula","nigra","Betula nigra",2024,121,121,121,104,117,NA,NA,NA,NA,257,70.8,"12-20-1979",42.30228781,-71.12445659
"BENI_1251-79_E","Betula","nigra","Betula nigra",2016,112,130,130,124,138,NA,162,NA,165,281,70,"12-20-1979",42.3022236,-71.12398789
"BENI_1251-79_E","Betula","nigra","Betula nigra",2017,101,120,118,125,131,117,149,162,162,230,70,"12-20-1979",42.3022236,-71.12398789
"BENI_1251-79_E","Betula","nigra","Betula nigra",2018,122,125,125,125,125,130,154,162,162,251,70,"12-20-1979",42.3022236,-71.12398789
"BENI_1251-79_E","Betula","nigra","Betula nigra",2019,110,124,126,112,133,NA,157,NA,NA,237,70,"12-20-1979",42.3022236,-71.12398789
"BENI_1251-79_E","Betula","nigra","Betula nigra",2020,126,133,126,120,126,NA,160,NA,NA,226,70,"12-20-1979",42.3022236,-71.12398789
"CAGL_20098_A","Carya","glabra","Carya glabra",2016,118,122,118,122,NA,NA,150,NA,NA,NA,62.9,"07-01-1883",42.29994157,-71.1258635
"CAGL_20098_A","Carya","glabra","Carya glabra",2017,110,124,118,118,124,NA,166,253,253,253,62.9,"07-01-1883",42.29994157,-71.1258635
"CAGL_20098_A","Carya","glabra","Carya glabra",2018,118,122,122,122,NA,NA,153,249,249,258,62.9,"07-01-1883",42.29994157,-71.1258635
"CAGL_20098_A","Carya","glabra","Carya glabra",2019,108,115,111,128,NA,NA,145,NA,287,253,62.9,"07-01-1883",42.29994157,-71.1258635
"CAGL_20098_A","Carya","glabra","Carya glabra",2020,125,141,127,127,141,NA,168,262,259,259,62.9,"07-01-1883",42.29994157,-71.1258635
"CAGL_20098_A","Carya","glabra","Carya glabra",2021,113,120,115,131,131,NA,146,NA,NA,NA,62.9,"07-01-1883",42.29994157,-71.1258635
"CAGL_20098_A","Carya","glabra","Carya glabra",2022,114,116,116,126,NA,NA,NA,NA,NA,251,62.9,"07-01-1883",42.29994157,-71.1258635
"CAGL_20098_A","Carya","glabra","Carya glabra",2023,104,129,112,NA,NA,NA,NA,NA,NA,NA,62.9,"07-01-1883",42.29994157,-71.1258635
"CAGL_2019_R","Carya","glabra","Carya glabra",2016,118,124,122,118,143,144,150,230,230,285,47.6,"10-19-1883",42.2999657,-71.12566127
"CAGL_2019_R","Carya","glabra","Carya glabra",2017,100,117,117,117,126,NA,147,253,253,253,47.6,"10-19-1883",42.2999657,-71.12566127
"CAGL_2019_R","Carya","glabra","Carya glabra",2018,118,122,122,122,NA,NA,153,249,249,258,47.6,"10-19-1883",42.2999657,-71.12566127
"CAGL_2019_R","Carya","glabra","Carya glabra",2019,108,115,111,115,NA,NA,145,NA,287,251,47.6,"10-19-1883",42.2999657,-71.12566127
"CAGL_2019_R","Carya","glabra","Carya glabra",2020,124,125,126,126,134,NA,156,215,215,260,47.6,"10-19-1883",42.2999657,-71.12566127
"CAGL_2019_R","Carya","glabra","Carya glabra",2021,113,120,113,131,131,NA,146,NA,NA,265,47.6,"10-19-1883",42.2999657,-71.12566127
"CAGL_2019_R","Carya","glabra","Carya glabra",2022,114,119,119,126,NA,NA,146,NA,NA,NA,47.6,"10-19-1883",42.2999657,-71.12566127
"CAGL_2019_R","Carya","glabra","Carya glabra",2023,104,129,112,118,NA,NA,NA,NA,NA,NA,47.6,"10-19-1883",42.2999657,-71.12566127
"CAGL_2019_R","Carya","glabra","Carya glabra",2024,119,119,119,128,NA,NA,147,NA,NA,NA,47.6,"10-19-1883",42.2999657,-71.12566127
"CAGL_2019_S","Carya","glabra","Carya glabra",2016,122,125,122,130,NA,149,150,NA,NA,285,67.4,"10-19-1883",42.29994973,-71.12573747
"CAGL_2019_S","Carya","glabra","Carya glabra",2017,100,124,118,118,141,NA,166,253,253,253,67.4,"10-19-1883",42.29994973,-71.12573747
"CAGL_2019_S","Carya","glabra","Carya glabra",2019,108,115,115,128,NA,NA,155,NA,287,260,67.4,"10-19-1883",42.29994973,-71.12573747
"CAGL_2019_S","Carya","glabra","Carya glabra",2020,125,141,127,127,144,NA,168,224,220,251,67.4,"10-19-1883",42.29994973,-71.12573747
"CAGL_2019_S","Carya","glabra","Carya glabra",2021,118,126,123,126,131,NA,152,270,270,243,67.4,"10-19-1883",42.29994973,-71.12573747
"CAGL_2019_S","Carya","glabra","Carya glabra",2022,114,116,116,126,136,NA,NA,NA,NA,251,67.4,"10-19-1883",42.29994973,-71.12573747
"CAGL_2019_S","Carya","glabra","Carya glabra",2023,104,129,112,NA,NA,NA,NA,NA,NA,NA,67.4,"10-19-1883",42.29994973,-71.12573747
"CAGL_6990_A","Carya","glabra","Carya glabra",2016,110,122,118,NA,NA,NA,166,NA,NA,NA,45.7,"12-29-1909",42.30020379,-71.12586584
"CAGL_6990_A","Carya","glabra","Carya glabra",2017,100,124,114,NA,134,NA,241,266,266,253,45.7,"12-29-1909",42.30020379,-71.12586584
"CAGL_6990_A","Carya","glabra","Carya glabra",2018,119,131,122,NA,NA,NA,153,249,249,249,45.7,"12-29-1909",42.30020379,-71.12586584
"CAGL_6990_A","Carya","glabra","Carya glabra",2019,108,111,111,132,NA,NA,188,NA,264,251,45.7,"12-29-1909",42.30020379,-71.12586584
"CAGL_6990_A","Carya","glabra","Carya glabra",2020,119,141,127,NA,NA,NA,220,NA,220,262,45.7,"12-29-1909",42.30020379,-71.12586584
"CAGL_6990_A","Carya","glabra","Carya glabra",2022,112,116,116,126,NA,NA,NA,NA,NA,NA,45.7,"12-29-1909",42.30020379,-71.12586584
"CAGL_6990_A","Carya","glabra","Carya glabra",2023,104,112,104,NA,NA,NA,137,NA,NA,NA,45.7,"12-29-1909",42.30020379,-71.12586584
"CAOV_12907_B","Carya","ovata","Carya ovata",2016,130,132,131,142,NA,NA,150,NA,NA,284,54.8,"10-18-1883",42.30172976,-71.12580046
"CAOV_12907_B","Carya","ovata","Carya ovata",2017,105,124,118,124,133,NA,172,251,251,278,54.8,"10-18-1883",42.30172976,-71.12580046
"CAOV_12907_B","Carya","ovata","Carya ovata",2018,118,125,125,125,144,NA,171,263,249,272,54.8,"10-18-1883",42.30172976,-71.12580046
"CAOV_12907_B","Carya","ovata","Carya ovata",2019,110,124,121,124,142,NA,188,NA,264,260,54.8,"10-18-1883",42.30172976,-71.12580046
"CAOV_12907_B","Carya","ovata","Carya ovata",2020,125,140,134,140,146,NA,169,259,259,276,54.8,"10-18-1883",42.30172976,-71.12580046
"CAOV_12907_D","Carya","ovata","Carya ovata",2016,130,NA,132,143,NA,NA,NA,NA,NA,284,51.8,"10-18-1883",42.30168923,-71.12587438
"CAOV_12907_D","Carya","ovata","Carya ovata",2017,105,118,118,118,133,NA,172,251,251,264,51.8,"10-18-1883",42.30168923,-71.12587438
"CAOV_12907_D","Carya","ovata","Carya ovata",2018,118,125,125,125,131,NA,158,251,249,272,51.8,"10-18-1883",42.30168923,-71.12587438
"CAOV_12907_D","Carya","ovata","Carya ovata",2019,108,124,124,124,NA,NA,160,297,264,248,51.8,"10-18-1883",42.30168923,-71.12587438
"CAOV_12907_D","Carya","ovata","Carya ovata",2020,125,140,134,141,NA,NA,168,259,259,276,51.8,"10-18-1883",42.30168923,-71.12587438
"CAOV_12907_G","Carya","ovata","Carya ovata",2016,110,132,127,127,142,144,200,NA,NA,278,59.5,"10-18-1883",42.30181554,-71.1256858
"CAOV_12907_G","Carya","ovata","Carya ovata",2017,105,117,117,117,129,NA,172,251,251,253,59.5,"10-18-1883",42.30181554,-71.1256858
"CAOV_12907_G","Carya","ovata","Carya ovata",2018,122,125,125,125,131,NA,239,249,249,272,59.5,"10-18-1883",42.30181554,-71.1256858
"CAOV_12907_G","Carya","ovata","Carya ovata",2019,108,124,119,119,125,NA,160,297,264,260,59.5,"10-18-1883",42.30181554,-71.1256858
"CAOV_12907_G","Carya","ovata","Carya ovata",2020,125,140,129,129,146,NA,170,259,259,262,59.5,"10-18-1883",42.30181554,-71.1256858
"CAOV_12907_G","Carya","ovata","Carya ovata",2021,115,NA,124,NA,NA,NA,NA,NA,NA,NA,59.5,"10-18-1883",42.30181554,-71.1256858
"CAOV_12907_G","Carya","ovata","Carya ovata",2022,116,126,126,131,136,NA,147,NA,NA,258,59.5,"10-18-1883",42.30181554,-71.1256858
"CAOV_12907_I","Carya","ovata","Carya ovata",2016,130,142,132,143,NA,NA,NA,NA,NA,278,51,"10-18-1883",42.30185516,-71.12559225
"CAOV_12907_I","Carya","ovata","Carya ovata",2017,105,118,118,118,133,NA,172,247,247,260,51,"10-18-1883",42.30185516,-71.12559225
"CAOV_12907_I","Carya","ovata","Carya ovata",2018,118,125,125,125,NA,NA,158,272,249,272,51,"10-18-1883",42.30185516,-71.12559225
"CAOV_12907_I","Carya","ovata","Carya ovata",2019,108,124,124,119,142,152,160,248,264,260,51,"10-18-1883",42.30185516,-71.12559225
"CAOV_12907_I","Carya","ovata","Carya ovata",2020,125,140,136,NA,NA,NA,169,NA,237,250,51,"10-18-1883",42.30185516,-71.12559225
"CAOV_12907_I","Carya","ovata","Carya ovata",2021,115,NA,124,NA,NA,NA,NA,NA,261,270,51,"10-18-1883",42.30185516,-71.12559225
"CAOV_12907_N","Carya","ovata","Carya ovata",2016,125,143,132,143,150,149,150,236,NA,285,61.2,"10-18-1883",42.30163563,-71.12561522
"CAOV_12907_N","Carya","ovata","Carya ovata",2017,112,118,118,120,133,NA,172,251,248,253,61.2,"10-18-1883",42.30163563,-71.12561522
"CAOV_12907_N","Carya","ovata","Carya ovata",2018,118,125,125,125,144,146,156,251,249,274,61.2,"10-18-1883",42.30163563,-71.12561522
"CAOV_12907_N","Carya","ovata","Carya ovata",2019,108,124,124,121,142,NA,145,297,264,260,61.2,"10-18-1883",42.30163563,-71.12561522
"CAOV_12907_N","Carya","ovata","Carya ovata",2020,125,138,134,129,146,149,167,205,205,273,61.2,"10-18-1883",42.30163563,-71.12561522
"CAOV_12907_N","Carya","ovata","Carya ovata",2022,114,126,126,129,136,NA,152,NA,NA,286,61.2,"10-18-1883",42.30163563,-71.12561522
"PODE_16611_F","Populus","deltoides","Populus deltoides",2016,110,148,136,NA,NA,NA,NA,NA,NA,286,93.9,"08-15-1895",42.29432229,-71.12466088
"PODE_16611_F","Populus","deltoides","Populus deltoides",2017,107,124,124,109,NA,NA,125,143,147,250,93.9,"08-15-1895",42.29432229,-71.12466088
"PODE_16611_F","Populus","deltoides","Populus deltoides",2018,117,124,124,124,NA,NA,147,NA,148,270,93.9,"08-15-1895",42.29432229,-71.12466088
"PODE_16611_F","Populus","deltoides","Populus deltoides",2019,123,123,123,NA,NA,NA,123,NA,NA,260,93.9,"08-15-1895",42.29432229,-71.12466088
"PODE_16611_F","Populus","deltoides","Populus deltoides",2020,125,126,126,104,120,NA,127,151,151,261,93.9,"08-15-1895",42.29432229,-71.12466088
"PODE_16611_F","Populus","deltoides","Populus deltoides",2021,120,123,123,103,109,NA,123,145,145,278,93.9,"08-15-1895",42.29432229,-71.12466088
"PODE_16611_F","Populus","deltoides","Populus deltoides",2022,117,128,127,108,117,NA,128,148,148,269,93.9,"08-15-1895",42.29432229,-71.12466088
"PODE_16611_J","Populus","deltoides","Populus deltoides",2017,107,124,124,109,109,NA,124,NA,NA,231,71,"08-15-1895",42.2941909,-71.12464076
"PODE_16611_J","Populus","deltoides","Populus deltoides",2018,117,124,124,124,NA,NA,147,NA,NA,236,71,"08-15-1895",42.2941909,-71.12464076
"PODE_16611_J","Populus","deltoides","Populus deltoides",2020,126,132,132,113,120,NA,132,164,164,255,71,"08-15-1895",42.2941909,-71.12464076
"PODE_16611_J","Populus","deltoides","Populus deltoides",2021,123,125,125,NA,113,NA,123,NA,153,257,71,"08-15-1895",42.2941909,-71.12464076
"PODE_16611_J","Populus","deltoides","Populus deltoides",2022,117,127,127,108,NA,NA,127,NA,NA,NA,71,"08-15-1895",42.2941909,-71.12464076
"PODE_16611_K","Populus","deltoides","Populus deltoides",2016,122,148,136,NA,NA,NA,NA,NA,NA,286,81.5,"08-15-1895",42.29404926,-71.12460511
"PODE_16611_K","Populus","deltoides","Populus deltoides",2017,107,124,124,109,109,NA,124,161,161,239,81.5,"08-15-1895",42.29404926,-71.12460511
"PODE_16611_K","Populus","deltoides","Populus deltoides",2018,117,NA,129,124,NA,NA,147,154,159,251,81.5,"08-15-1895",42.29404926,-71.12460511
"PODE_16611_K","Populus","deltoides","Populus deltoides",2020,125,132,132,113,120,NA,127,158,161,255,81.5,"08-15-1895",42.29404926,-71.12460511
"PODE_16611_K","Populus","deltoides","Populus deltoides",2021,123,125,125,103,113,NA,123,153,153,257,81.5,"08-15-1895",42.29404926,-71.12460511
"PODE_16611_K","Populus","deltoides","Populus deltoides",2022,128,130,130,108,114,NA,128,152,NA,NA,81.5,"08-15-1895",42.29404926,-71.12460511
"PODE_22099_A","Populus","deltoides","Populus deltoides",2016,127,133,133,101,114,NA,NA,NA,NA,229,58,"07-01-1911",42.29378479,-71.124621
"PODE_22099_A","Populus","deltoides","Populus deltoides",2017,102,120,120,109,109,NA,NA,NA,NA,231,58,"07-01-1911",42.29378479,-71.124621
"PODE_22099_A","Populus","deltoides","Populus deltoides",2018,117,123,118,121,NA,NA,NA,NA,NA,236,58,"07-01-1911",42.29378479,-71.124621
"PODE_22099_A","Populus","deltoides","Populus deltoides",2019,123,128,128,104,NA,NA,NA,NA,NA,229,58,"07-01-1911",42.29378479,-71.124621
"PODE_22099_A","Populus","deltoides","Populus deltoides",2020,125,127,127,103,113,120,NA,NA,NA,255,58,"07-01-1911",42.29378479,-71.124621
"PODE_22099_A","Populus","deltoides","Populus deltoides",2021,123,123,123,99,113,NA,NA,NA,NA,243,58,"07-01-1911",42.29378479,-71.124621
"PODE_22099_A","Populus","deltoides","Populus deltoides",2022,123,128,128,105,114,114,NA,NA,NA,269,58,"07-01-1911",42.29378479,-71.124621
"PODE_22099_A","Populus","deltoides","Populus deltoides",2024,120,120,120,105,112,112,NA,NA,NA,245,58,"07-01-1911",42.29378479,-71.124621
"QUAL_21815_E","Quercus","alba","Quercus alba",2017,118,119,119,118,131,NA,225,257,264,271,73.3,"07-01-1931",42.29918666,-71.12348625
"QUAL_21815_E","Quercus","alba","Quercus alba",2019,117,126,127,NA,NA,NA,183,NA,NA,268,73.3,"07-01-1931",42.29918666,-71.12348625
"QUAL_227-2011_A","Quercus","alba","Quercus alba",2017,110,NA,124,127,NA,NA,NA,257,257,267,66.1,"07-26-2011",42.29933201,-71.12435358
"QUAL_227-2011_A","Quercus","alba","Quercus alba",2019,117,126,127,NA,NA,NA,NA,NA,NA,268,66.1,"07-26-2011",42.29933201,-71.12435358
"QUAL_22886_D","Quercus","alba","Quercus alba",2017,110,131,119,127,127,NA,NA,NA,288,257,87.2,"07-01-1950",42.29940788,-71.12438014
"QUAL_22886_D","Quercus","alba","Quercus alba",2019,117,126,127,126,NA,NA,NA,NA,NA,260,87.2,"07-01-1950",42.29940788,-71.12438014
"QUAL_358-82_A","Quercus","alba","Quercus alba",2017,117,124,124,NA,NA,NA,266,266,264,291,38.4,"03-25-1982",42.29920928,-71.12373613
"QUAL_358-82_A","Quercus","alba","Quercus alba",2018,122,126,123,131,NA,NA,NA,NA,274,282,38.4,"03-25-1982",42.29920928,-71.12373613
"QUAL_358-82_A","Quercus","alba","Quercus alba",2019,111,126,127,129,NA,NA,NA,NA,NA,286,38.4,"03-25-1982",42.29920928,-71.12373613
"QUAL_358-82_A","Quercus","alba","Quercus alba",2024,121,128,128,NA,NA,NA,NA,NA,NA,277,38.4,"03-25-1982",42.29920928,-71.12373613
"QUAL_611-2010_A","Quercus","alba","Quercus alba",2016,115,133,133,NA,NA,NA,NA,NA,NA,280,75.7,"11-15-2010",42.29281823,-71.12903099
"QUAL_611-2010_A","Quercus","alba","Quercus alba",2017,117,120,120,NA,NA,NA,260,260,247,288,75.7,"11-15-2010",42.29281823,-71.12903099
"QUAL_611-2010_A","Quercus","alba","Quercus alba",2019,113,123,123,NA,NA,NA,NA,NA,248,287,75.7,"11-15-2010",42.29281823,-71.12903099
"QUAL_611-2010_A","Quercus","alba","Quercus alba",2020,123,126,125,127,NA,NA,NA,NA,NA,272,75.7,"11-15-2010",42.29281823,-71.12903099
"QUAL_611-2010_A","Quercus","alba","Quercus alba",2021,113,117,117,NA,NA,NA,NA,NA,NA,289,75.7,"11-15-2010",42.29281823,-71.12903099
"QUAL_611-2010_A","Quercus","alba","Quercus alba",2022,117,128,128,NA,NA,NA,NA,NA,NA,281,75.7,"11-15-2010",42.29281823,-71.12903099
"QUAL_611-2010_A","Quercus","alba","Quercus alba",2024,116,123,123,NA,NA,NA,NA,NA,NA,277,75.7,"11-15-2010",42.29281823,-71.12903099
"QURU_11253_A","Quercus","rubra","Quercus rubra",2017,119,132,124,NA,NA,NA,236,NA,242,270,69.5,"01-13-1917",42.30002036,-71.12432118
"QURU_11253_A","Quercus","rubra","Quercus rubra",2018,122,125,125,128,130,131,NA,NA,NA,282,69.5,"01-13-1917",42.30002036,-71.12432118
"QURU_11253_A","Quercus","rubra","Quercus rubra",2019,110,128,128,126,NA,NA,190,260,NA,260,69.5,"01-13-1917",42.30002036,-71.12432118
"QURU_5859_A","Quercus","rubra","Quercus rubra",2016,115,NA,127,115,NA,NA,NA,NA,NA,282,80.7,"09-02-1908",42.29994632,-71.12375725
"QURU_5859_A","Quercus","rubra","Quercus rubra",2017,110,124,117,NA,NA,NA,NA,NA,NA,272,80.7,"09-02-1908",42.29994632,-71.12375725
"QURU_5859_A","Quercus","rubra","Quercus rubra",2018,122,122,122,128,135,NA,NA,NA,NA,264,80.7,"09-02-1908",42.29994632,-71.12375725
"QURU_5859_A","Quercus","rubra","Quercus rubra",2019,107,113,113,121,NA,NA,NA,NA,NA,260,80.7,"09-02-1908",42.29994632,-71.12375725
"QURU_5859_B","Quercus","rubra","Quercus rubra",2016,115,NA,127,115,115,NA,NA,NA,NA,282,92.6,"09-02-1908",42.2999613,-71.12363106
"QURU_5859_B","Quercus","rubra","Quercus rubra",2017,110,113,113,NA,NA,NA,NA,NA,NA,272,92.6,"09-02-1908",42.2999613,-71.12363106
"QURU_5859_B","Quercus","rubra","Quercus rubra",2018,118,122,122,128,129,NA,208,NA,251,272,92.6,"09-02-1908",42.2999613,-71.12363106
"QURU_5859_B","Quercus","rubra","Quercus rubra",2019,107,113,113,121,NA,NA,158,NA,NA,260,92.6,"09-02-1908",42.2999613,-71.12363106
"QURU_8197_A","Quercus","rubra","Quercus rubra",2016,115,NA,130,NA,NA,NA,290,290,NA,289,66.2,"07-01-1916",42.2999685,-71.12424385
"QURU_8197_A","Quercus","rubra","Quercus rubra",2017,110,127,119,NA,NA,NA,NA,NA,264,271,66.2,"07-01-1916",42.2999685,-71.12424385
"QURU_8197_A","Quercus","rubra","Quercus rubra",2018,122,125,123,128,130,131,260,NA,260,282,66.2,"07-01-1916",42.2999685,-71.12424385
"QURU_8197_A","Quercus","rubra","Quercus rubra",2019,107,128,128,129,NA,NA,NA,NA,NA,268,66.2,"07-01-1916",42.2999685,-71.12424385
"TIAM_1323-82_A","Tilia","americana","Tilia americana",2016,94,133,118,152,188,189,NA,NA,NA,257,94.3,"10-08-1982",42.29514117,-71.12601307
"TIAM_1323-82_A","Tilia","americana","Tilia americana",2017,98,107,107,110,NA,NA,184,241,231,295,94.3,"10-08-1982",42.29514117,-71.12601307
"TIAM_1323-82_A","Tilia","americana","Tilia americana",2018,121,124,122,136,177,NA,188,236,202,276,94.3,"10-08-1982",42.29514117,-71.12601307
"TIAM_1323-82_A","Tilia","americana","Tilia americana",2019,115,115,115,140,183,183,186,243,NA,267,94.3,"10-08-1982",42.29514117,-71.12601307
"TIAM_1323-82_A","Tilia","americana","Tilia americana",2020,116,125,125,147,181,NA,196,217,251,261,94.3,"10-08-1982",42.29514117,-71.12601307
"TIAM_1323-82_A","Tilia","americana","Tilia americana",2021,110,117,117,127,NA,NA,183,NA,NA,281,94.3,"10-08-1982",42.29514117,-71.12601307
"TIAM_1323-82_A","Tilia","americana","Tilia americana",2022,106,117,117,132,176,NA,186,210,210,NA,94.3,"10-08-1982",42.29514117,-71.12601307
"TIAM_1323-82_A","Tilia","americana","Tilia americana",2023,94,NA,112,143,NA,NA,298,298,NA,298,94.3,"10-08-1982",42.29514117,-71.12601307
"TIAM_1323-82_A","Tilia","americana","Tilia americana",2024,109,116,116,134,NA,NA,191,210,198,273,94.3,"10-08-1982",42.29514117,-71.12601307
"TIAM_17527_D","Tilia","americana","Tilia americana",2016,105,122,115,152,176,NA,193,274,293,252,68.1,"11-15-1897",42.3051232,-71.12189286
"TIAM_17527_D","Tilia","americana","Tilia americana",2017,106,117,107,127,173,NA,NA,NA,NA,234,68.1,"11-15-1897",42.3051232,-71.12189286
"TIAM_17527_D","Tilia","americana","Tilia americana",2018,118,128,122,131,NA,NA,NA,NA,NA,234,68.1,"11-15-1897",42.3051232,-71.12189286
"TIAM_17527_D","Tilia","americana","Tilia americana",2019,111,115,111,138,NA,NA,197,278,278,214,68.1,"11-15-1897",42.3051232,-71.12189286
"TIAM_17527_D","Tilia","americana","Tilia americana",2020,108,119,119,145,NA,NA,189,NA,NA,220,68.1,"11-15-1897",42.3051232,-71.12189286
"TIAM_17527_D","Tilia","americana","Tilia americana",2021,108,109,109,126,NA,NA,201,211,211,211,68.1,"11-15-1897",42.3051232,-71.12189286
"TIAM_17527_D","Tilia","americana","Tilia americana",2022,107,117,107,138,NA,NA,188,NA,NA,236,68.1,"11-15-1897",42.3051232,-71.12189286
"TIAM_17527_D","Tilia","americana","Tilia americana",2023,104,104,104,NA,NA,NA,173,235,250,231,68.1,"11-15-1897",42.3051232,-71.12189286
"TIAM_17538_A","Tilia","americana","Tilia americana",2016,94,133,118,NA,NA,NA,NA,NA,NA,280,105.9,"09-15-1906",42.29325928,-71.12871082
"TIAM_17538_A","Tilia","americana","Tilia americana",2017,109,116,116,161,179,NA,184,224,200,270,105.9,"09-15-1906",42.29325928,-71.12871082
"TIAM_17538_A","Tilia","americana","Tilia americana",2018,123,124,124,NA,NA,NA,246,225,246,260,105.9,"09-15-1906",42.29325928,-71.12871082
"TIAM_17538_A","Tilia","americana","Tilia americana",2019,113,123,123,140,183,183,248,229,229,260,105.9,"09-15-1906",42.29325928,-71.12871082
"TIAM_17538_A","Tilia","americana","Tilia americana",2020,123,125,125,147,177,NA,188,222,217,260,105.9,"09-15-1906",42.29325928,-71.12871082
"TIAM_17538_A","Tilia","americana","Tilia americana",2021,113,117,117,131,NA,NA,183,NA,NA,285,105.9,"09-15-1906",42.29325928,-71.12871082
"TIAM_17538_A","Tilia","americana","Tilia americana",2022,106,123,123,142,NA,NA,NA,NA,NA,NA,105.9,"09-15-1906",42.29325928,-71.12871082
"TIAM_17538_A","Tilia","americana","Tilia americana",2023,94,112,112,143,NA,NA,193,NA,212,NA,105.9,"09-15-1906",42.29325928,-71.12871082
"TIAM_17538_A","Tilia","americana","Tilia americana",2024,109,119,119,141,NA,NA,NA,NA,NA,254,105.9,"09-15-1906",42.29325928,-71.12871082
"TIAM_19804_A","Tilia","americana","Tilia americana",2016,111,122,115,142,182,NA,199,262,262,252,80.5,"07-01-1916",42.30440146,-71.12199832
"TIAM_19804_A","Tilia","americana","Tilia americana",2017,107,119,113,127,NA,NA,193,234,NA,234,80.5,"07-01-1916",42.30440146,-71.12199832
"TIAM_19804_A","Tilia","americana","Tilia americana",2018,118,127,121,133,NA,NA,199,218,257,231,80.5,"07-01-1916",42.30440146,-71.12199832
"TIAM_19804_A","Tilia","americana","Tilia americana",2019,109,112,114,161,185,NA,195,227,262,221,80.5,"07-01-1916",42.30440146,-71.12199832
"TIAM_19804_A","Tilia","americana","Tilia americana",2020,120,126,126,147,NA,NA,180,182,203,229,80.5,"07-01-1916",42.30440146,-71.12199832
"TIAM_19804_A","Tilia","americana","Tilia americana",2021,114,121,119,132,NA,NA,NA,201,201,247,80.5,"07-01-1916",42.30440146,-71.12199832
"TIAM_7141_A","Tilia","americana","Tilia americana",2016,111,122,115,154,179,NA,199,262,262,215,58.9,"12-15-1912",42.30415322,-71.12252621
"TIAM_7141_A","Tilia","americana","Tilia americana",2017,101,110,107,127,172,NA,186,221,234,301,58.9,"12-15-1912",42.30415322,-71.12252621
"TIAM_7141_A","Tilia","americana","Tilia americana",2018,117,128,122,141,NA,NA,192,243,257,246,58.9,"12-15-1912",42.30415322,-71.12252621
"TIAM_7141_A","Tilia","americana","Tilia americana",2019,109,111,111,138,178,NA,190,227,262,185,58.9,"12-15-1912",42.30415322,-71.12252621
"TIAM_7141_A","Tilia","americana","Tilia americana",2020,112,126,126,NA,NA,NA,206,220,213,229,58.9,"12-15-1912",42.30415322,-71.12252621
"TIAM_7141_A","Tilia","americana","Tilia americana",2021,114,114,114,NA,NA,NA,261,261,261,247,58.9,"12-15-1912",42.30415322,-71.12252621
"TIAM_7141_A","Tilia","americana","Tilia americana",2022,107,117,117,145,172,NA,188,230,244,250,58.9,"12-15-1912",42.30415322,-71.12252621
"TIAM_7141_A","Tilia","americana","Tilia americana",2023,104,108,108,118,NA,NA,194,235,235,256,58.9,"12-15-1912",42.30415322,-71.12252621
