Plant ID,Plant Lineage,Family,Genus,Specific epithet,Cultivar,Scientific Name,Name Status,Reference(s),Parentage,Alternate Name(s),Common Name(s),Habit,Accession Number,Accession Date,Received How,Received As,Abbreviated Name,Infraspecific Rank,Infraspecific Epithet,Provenance,Sampling Technique,Seed Source,Propagation History,Plant Source,Plant Source Accession Number,Plant Source Accession Date,Plant Source Misc.,Index Seminum Year,Index Seminum Item,Collector,Collector Number,Date Collected,Country,Sublocality,Geographic Area,Locality,Georeference Source,Accuracy,Certainty,Collection Latitude,Collection Longitude,Altitude,Altitude Unit,Slope Aspect,Habitat,Soil,Description,Collection Miscellaneous,Associated Taxa,Garden Location,Grid,Quadrant,Garden Latitude,Garden Longitude,Condition Check Date,Condition,Sex,Measurement Date,DBH,DBH Unit,DBH Misc,DBH Accuracy,Height,Height Unit,Height Accuracy,Spread,Spread Unit,Spread Accuracy,Verification,Horticulture Zone,Of Conservation Concern
1251-79*A,1251-79,Betulaceae,Betula,nigra,,Betula nigra,Accepted name,1993. Flora of North America Volume 3. Magnoliophyta: Magnoliidae and Hamamelidae. Http://www.Efloras.Org/florataxon.Aspx?flora_id=1&amp;taxon_id=220006616.,,,River Birch,Tree,1251-79,12-20-1979,Seedling,Betula nigra,Bet. nigra,,,Collected directly from the wild; origin known,XX,X,SA,1979 Missouri and Illinois Collecti,,,,,,"Koller, G.L., Alexander, J.H.",,01-25-1979,United States,Missouri,,Approximately 3 mile SE of Zalma,,,,,,,,,Along south bank of Castor River,,,,,13-SE,13,SE,42.30223154,-71.12410601,2017-12-31,Alive,,,78,C,basal,,,,,,,,"Hugh McAllister, 18 Jun 2009, Betula nigra, 3",2.10,No
1251-79*E,1251-79,Betulaceae,Betula,nigra,,Betula nigra,Accepted name,1993. Flora of North America Volume 3. Magnoliophyta: Magnoliidae and Hamamelidae. Http://www.Efloras.Org/florataxon.Aspx?flora_id=1&amp;taxon_id=220006616.,,,River Birch,Tree,1251-79,12-20-1979,Seedling,Betula nigra,Bet. nigra,,,Collected directly from the wild; origin known,XX,X,SA,1979 Missouri and Illinois Collecti,,,,,,"Koller, G.L., Alexander, J.H.",,01-25-1979,United States,Missouri,,Approximately 3 mile SE of Zalma,,,,,,,,,Along south bank of Castor River,,,,,13-SE,13,SE,42.3022236,-71.12398789,2017-12-31,Alive,,2017-06-14,70,C,,,,,,,,,"Hugh McAllister, 18 Jun 2009, Betula nigra, 3",2.10,No
1251-79*B,1251-79,Betulaceae,Betula,nigra,,Betula nigra,Accepted name,1993. Flora of North America Volume 3. Magnoliophyta: Magnoliidae and Hamamelidae. Http://www.Efloras.Org/florataxon.Aspx?flora_id=1&amp;taxon_id=220006616.,,,River Birch,Tree,1251-79,12-20-1979,Seedling,Betula nigra,Bet. nigra,,,Collected directly from the wild; origin known,XX,X,SA,1979 Missouri and Illinois Collecti,,,,,,"Koller, G.L., Alexander, J.H.",,01-25-1979,United States,Missouri,,Approximately 3 mile SE of Zalma,,,,,,,,,Along south bank of Castor River,,,,,13-SE,13,SE,42.30228781,-71.12445659,2021-09-09,Good,,2017-10-11,70.8,C,at 1m,,,,,,,,,2.9,No
12565*C,12565,Sapindaceae,Acer,saccharum,,Acer saccharum,Accepted name,"New England Wild Flower Society, Haines, A. 2011. Flora Novae Angliae. A manual for identification of native and naturalized higher vascular plants of New England. Yale University Press, New Haven and London.",,"Acer saccharophorum, Aster saccharum",Sugar Maple,Tree,12565,10-15-1883,Plant,Acer saccharinum; A. barbatum; A. saccharum glaucum,A. saccharum,,,Collected directly from the wild; origin known,,,,"Mr. Jackson T. Dawson, Arnold Arboretum, Jamaica Plain, MA, United States",,,,,,"Dawson, J. T.",828-833,10-15-1883,United States,"Massachusetts, Malden",,,,,,,,,,,,,,,,11-SE,11,SE,42.30346585,-71.12008242,2023-11-08,Good,,2019-10-07,97.6,C,at 0.8m,,,,,,,,"Delendick,T.J., 01 May 1986, Acer saccharum, 2",1.6,No
12651*D,12651,Sapindaceae,Aesculus,flava,,Aesculus flava,Accepted name,"Hillier Nurseries 1991. The Hillier Manual of Trees &amp; Shrubs, Ed. 6. Ampfiled House, Ampfield: Hillier Nurseries (Winchester) Ltd. 1-704 pp.",,"Aesculus octandra, Aesculus octandra forma vestita, Aesculus octandra forma virginica","Yellow Buckeye, Sweet Buckeye",Tree,12651,07-01-1906,Seed,Aesculus octandra f. vestita,Aesc. flava,,,Collected directly from the wild; origin known,,,,"Mr. Thomas Grant Harbison, Highlands, NC, United States",,,,,,"Harbison, T. G.",,07-01-1906,United States,"North Carolina, Buncombe County",,Craggy Mt.,,,,,,,,,,,,,,11-SW,11,SW,42.30351523,-71.12133382,2019-09-17,Good,,2019-09-17,60.2,C,,,,,,,,,"Michener, D., 01 Jan 1987, Aesculus flava, 2",1.15,No
12651*C,12651,Sapindaceae,Aesculus,flava,,Aesculus flava,Accepted name,"Hillier Nurseries 1991. The Hillier Manual of Trees &amp; Shrubs, Ed. 6. Ampfiled House, Ampfield: Hillier Nurseries (Winchester) Ltd. 1-704 pp.",,"Aesculus octandra, Aesculus octandra forma vestita, Aesculus octandra forma virginica","Yellow Buckeye, Sweet Buckeye",Tree,12651,07-01-1906,Seed,Aesculus octandra f. vestita,Aesc. flava,,,Collected directly from the wild; origin known,,,,"Mr. Thomas Grant Harbison, Highlands, NC, United States",,,,,,"Harbison, T. G.",,07-01-1906,United States,"North Carolina, Buncombe County",,Craggy Mt.,,,,,,,,,,,,,,11-NW,11,NW,42.30355576,-71.1212595,2019-09-17,Good,,2019-09-17,35.3,C,,,,,,,,,,1.15,No
1323-82*A,1323-82,Malvaceae,Tilia,americana,,Tilia americana,Accepted name,"Rehder, A. 1940. Manual of Cultivated Trees and Shrubs Hardy in North America (ed. 2). New York, NY: Macmillan Co. 996 pp.",,,"American Linden, American Basswood",Tree,1323-82,10-08-1982,Plant,Tilia americana,T. americana,,,Collected directly from the wild; origin known,XX,X,SA,"Ms. Ida Hay, Arnold Arboretum, Jamaica Plain, MA, United States",,,,,,"Hay, I., Geary, S.",,10-05-1982,United States,"Massachusetts, Franklin County, West Whately",,,,,,,,,,,,,,,,51-NW,51,NW,42.29514117,-71.12601307,2021-06-07,Good,,2021-06-07,94.3,C,,,,,,,,,,4.13,No
19804*A,19804,Malvaceae,Tilia,americana,,Tilia americana,Accepted name,"Rehder, A. 1940. Manual of Cultivated Trees and Shrubs Hardy in North America (ed. 2). New York, NY: Macmillan Co. 996 pp.",,,"American Linden, American Basswood",Tree,19804,07-01-1916,Seed,"Tilia sp., Tilia heterophylla",T. americana,,,Collected directly from the wild; origin known,S,X,SA,"Mr. Charles C. Deam, Bluffton, IN, United States",,,,,,"Deam, C. C.",18806,,United States,Indiana,,,,,,,,,,,,,,,,7-SE,7,SE,42.30440146,-71.12199832,2021-07-06,Good,,2019-09-11,80.5,C,,,,,,,,,"Mazzeo, P., 01 Jan 1986, Tilia americana, 2",1.16,No
22947*B,22947,Hamamelidaceae,Hamamelis,virginiana,,Hamamelis virginiana,Accepted name,"Rehder, A. 1949. Bibliography of Cultivated Trees and Shrubs Hardy in the Cooler Temperate Regions of the Northern Hemisphere. Jamaica Plain, MA: Arnold Arboretum. 825 pp.",,Hamamelis macrophylla,Common Witch-hazel,Shrub,22947,07-01-1951,Unknown,Hamamelis virginiana,Ham. virg.,,,Uncertain origin,XX,X,U,Unknown,,,,,,,,,,,,,,,,,,,,,,,,,,25-SW,25,SW,42.30000187,-71.1252044,2017-10-17,Good,,2017-10-17,8.2,C,largest stem,,,,,,,,,2.7,No
525-2009*A,525-2009,Sapindaceae,Acer,rubrum,,Acer rubrum,Accepted name,"New England Wild Flower Society, Haines, A. 2011. Flora Novae Angliae. A manual for identification of native and naturalized higher vascular plants of New England. Yale University Press, New Haven and London.",,,Red Maple,Tree,525-2009,09-09-2009,Existing plant,Acer rubrum,A. rubrum,,,Uncertain origin,,,,"Unknown via Arnold Arboretum, Jamaica Plain, MA, United States",,,,,,,,,,,,,,,,,,,,,,,,,,11-SW,11,SW,42.30320004,-71.12119722,2019-09-17,Good,,2019-09-17,55.7,C,,,,,,,,,,1.15,No
567-2008*B,567-2008,Sapindaceae,Acer,rubrum,,Acer rubrum,Accepted name,"New England Wild Flower Society, Haines, A. 2011. Flora Novae Angliae. A manual for identification of native and naturalized higher vascular plants of New England. Yale University Press, New Haven and London.",,,Red Maple,Tree,567-2008,10-16-2008,Seedling,Acer rubrum,A. rubrum,,,Collected directly from the wild; origin known,VM,,SA,DACK-08 Adirondack Expedition 2008,27A,,,,,"Alexander, Jack; Collins, Dennis; Dosmann, Michael; Schneider, Stephen; Thibault, Tim",27A,10-07-2008,United States,"New York, Franklin Co., Paul Smiths",,5. Black Pond near Adirondack Park Visitor Interpretive Center - North 300 m from Black Pond.,Lat/long information comes from GPS (global positioning system).,Within 5 km of the coordinates.,Certain - an exact match for the locality name in the gazetteer or map; or information derived from a GPS (global positioning system).,,,514,M,10Â° NE,"Mesic woodland, canopy gap from recent (5 years?) Tsuga blow down. Growing in 0.5 shade.","Sandy, high organic matter","These are 2 - 3 month old seedlings; Mature trees in area, huge (to 23.0 m) and with very shaggy bark. < 15.24 cm.",Some Acer spicatum in area and some of these small seedlings may be that species. Collections made from ca. 20 plants.,"Abies balsamea, Acer platanoides, Acer spicatum, Betula alleghaniensis, Cornus canadensis, Fagus grandifolia, Picea sp., Tsuga canadensis, Viburnum lantanoides",11-NE,11,NE,42.30387167,-71.12031406,2019-10-07,Good,,2019-10-07,8.6,C,,,,,,,,,,1.6,No
611-2010*A,611-2010,Fagaceae,Quercus,alba,,Quercus alba,Accepted name,"Flora of North America Editorial Committee, eds. 1997. Flora of North America. Magnoliophyta: Magnoliidae and Hamamelidae.",,,"White Oak, Eastern White Oak, Stave Oak",Tree,611-2010,11-15-2010,Existing plant,Quercus alba,Q. alba,,,Uncertain origin,,,,"Arnold Arboretum, Jamaica Plain, MA, United States",,,,,,,,,,,,,,,,,,,,,,,,,,57-NE,57,NE,42.29281823,-71.12903099,2021-07-14,Good,,2021-07-14,75.7,C,,,,,,,,,,4.4,No
657-2008*A,657-2008,Ericaceae,Vaccinium,corymbosum,,Vaccinium corymbosum,Accepted name,"Kloet, S.P.V. 1980. The Taxonomy of the Highbush Blueberry, Vaccinium Corymbosum. Canadian Journal of Botany 58:1187-1201.",,"Vaccinium simulatum, Vaccinium virgatum var. tenellum, Vaccinium elliottii, Vaccinium virgatum, Vaccinium amoenum",Highbush Blueberry,Shrub,657-2008,10-30-2008,Existing plant,Vaccinium corymbosum,Vacc. corymbosum,,,Uncertain origin,XX,X,U,"Arnold Arboretum, Jamaica Plain, MA, United States",,,,,,,,,,,,,,,,,,,,,,,,,,15-SE,15,SE,42.30216796,-71.12054823,2018-08-06,Good,,2018-08-06,,,,,4.5,M,C,5.5,M,C,,1.11,No
524-2009*A,524-2009,Sapindaceae,Acer,rubrum,,Acer rubrum,Accepted name,"New England Wild Flower Society, Haines, A. 2011. Flora Novae Angliae. A manual for identification of native and naturalized higher vascular plants of New England. Yale University Press, New Haven and London.",,,Red Maple,Tree,524-2009,09-09-2009,Existing plant,Acer rubrum,A. rubrum,,,Uncertain origin,,,,"Unknown via Arnold Arboretum, Jamaica Plain, MA, United States",,,,,,,,,,,,,,,,,,,,,,,,,,11-SW,11,SW,42.30316247,-71.12125376,2019-09-17,Good,,2019-09-17,64.2,C,,,,,,,,,,1.15,No
529-2009*A,529-2009,Ericaceae,Vaccinium,corymbosum,,Vaccinium corymbosum,Accepted name,"Kloet, S.P.V. 1980. The Taxonomy of the Highbush Blueberry, Vaccinium Corymbosum. Canadian Journal of Botany 58:1187-1201.",,"Vaccinium simulatum, Vaccinium virgatum var. tenellum, Vaccinium elliottii, Vaccinium virgatum, Vaccinium amoenum",Highbush Blueberry,Shrub,529-2009,09-09-2009,Existing plant,Vaccinium corymbosum,Vacc. corymbosum,,,Uncertain origin,,,,"Unknown via Arnold Arboretum, Jamaica Plain, MA, United States",,,,,,,,,,,,,,,,,,,,,,,,,,11-SW,11,SW,42.30327357,-71.1211043,2019-09-17,Good,,,,,,,,,,,,,,1.15,No
11253*A,11253,Fagaceae,Quercus,rubra,,Quercus rubra,Accepted name,"Flora of North America Editorial Committee, eds. 1997. Flora of North America. Magnoliophyta: Magnoliidae and Hamamelidae.",,"Quercus rubra var. rubra, Quercus rubra var. borealis, Quercus rubra var. maxima, Quercus borealis, Quercus borealis var. maxima",Northern Red Oak,Tree,11253,01-13-1917,Seed,"Quercus borealis?, Quercus rubra maxima",Q. rubra,,,Collected directly from the wild; origin known,S,X,SA,"Mr. Thomas Grant Harbison, Highlands, NC, United States",,,,,,"Harbison, T. G.",,,United States,"North Carolina, Highlands",,,,,,,,,,,,,,,,25-SE,25,SE,42.30002036,-71.12432118,2017-12-31,Alive,,2017-10-17,69.5,C,,,,,,,,,,2.7,No
15350*A,15350,Sapindaceae,Acer,rubrum,,Acer rubrum,Accepted name,"New England Wild Flower Society, Haines, A. 2011. Flora Novae Angliae. A manual for identification of native and naturalized higher vascular plants of New England. Yale University Press, New Haven and London.",,,Red Maple,Tree,15350,04-16-1924,Plant,Acer rubrum,A. rubrum,,,Uncertain origin,,,,"Kelsey Highlands Nursery, East Boxford, MA, United States",,,,,,,,,,,,,,,,,,,,,,,,,,11-NW,11,NW,42.30387456,-71.12074952,2019-09-23,Good,,2019-09-23,77.5,C,,,,,,,,,"Delendick, T., 15 May 1986, Acer rubrum, 2",1.6,No
16882*B,16882,Fagaceae,Quercus,rubra,,Quercus rubra,Accepted name,"Flora of North America Editorial Committee, eds. 1997. Flora of North America. Magnoliophyta: Magnoliidae and Hamamelidae.",,"Quercus rubra var. rubra, Quercus rubra var. borealis, Quercus rubra var. maxima, Quercus borealis, Quercus borealis var. maxima",Northern Red Oak,Tree,16882,10-19-1916,Seed,"Quercus texana, Quercus texana shumardi, Quercus shumardii, Quercus borealis maxima, Quercus borealis, Quercus rubra maxima",Q. rubra,,,Collected directly from the wild; origin known,S,X,SA,"Mr. Thomas Grant Harbison, Highlands, NC, United States",,,,,,"Harbison, T.G.",7,,United States,"Alabama, Birmingham",,,,,,,,,,,,,,,,32-NW,32,NW,42.29961037,-71.12377523,2017-12-31,Alive,,2017-10-18,61.6,C,,,,,,,,,,2.7,No
18197*A,18197,Rosaceae,Photinia,villosa,,Photinia villosa var. sinica,Accepted name,"eFloras 2003. Flora of China. Connaraceae through Rosaceae. Http://www.Efloras.Org/volume_page.Aspx?volume_id=2009&amp;flora_id=2. Missouri Botanical Garden, St. Louis, MO &amp; Harvard University Herbaria, Cambridge, MA.",,,Variety of Smooth Photinia,Intermediate (shrub/tree),18197,01-15-1923,Seed,"Photinia sp., P. villosa sinica",Phot. vill. var. sin.,var.,sinica,Collected directly from the wild; origin known,,,,,,,,,,"Hers, J.",2309,,China,,,,,,,,,,,,,,,,,19-NW,19,NW,42.30157727,-71.12612053,2023-10-23,Good,,2023-10-20,,,,,2.1,M,C,,,,"D. Michener, 01 Jun 1988, Photinia villosa var. sinica, 2",3.1,No
493-2009*A,493-2009,Hamamelidaceae,Hamamelis,virginiana,,Hamamelis virginiana,Accepted name,"Rehder, A. 1949. Bibliography of Cultivated Trees and Shrubs Hardy in the Cooler Temperate Regions of the Northern Hemisphere. Jamaica Plain, MA: Arnold Arboretum. 825 pp.",,Hamamelis macrophylla,Common Witch-hazel,Shrub,493-2009,08-10-2009,Existing plant,Hamamelis virginiana,Ham. virg.,,,Uncertain origin,,X,U,"Arnold Arboretum, Jamaica Plain, MA, United States",,,,,,,,,,,,,,,,,,,,,,,,,,25-SW,25,SW,42.29979127,-71.12506756,2017-10-17,Good,,2017-10-17,7.6,C,largest stem,,,,,,,,,2.7,No
530-2009*A,530-2009,Ericaceae,Vaccinium,corymbosum,,Vaccinium corymbosum,Accepted name,"Kloet, S.P.V. 1980. The Taxonomy of the Highbush Blueberry, Vaccinium Corymbosum. Canadian Journal of Botany 58:1187-1201.",,"Vaccinium simulatum, Vaccinium virgatum var. tenellum, Vaccinium elliottii, Vaccinium virgatum, Vaccinium amoenum",Highbush Blueberry,Shrub,530-2009,09-09-2009,Existing plant,Vaccinium corymbosum,Vacc. corymbosum,,,Uncertain origin,,,,"Unknown via Arnold Arboretum, Jamaica Plain, MA, United States",,,,,,,,,,,,,,,,,,,,,,,,,,11-SW,11,SW,42.30325355,-71.12108527,2019-09-17,Good,,,,,,,,,,,,,,1.15,No
5859*B,5859,Fagaceae,Quercus,rubra,,Quercus rubra,Accepted name,"Flora of North America Editorial Committee, eds. 1997. Flora of North America. Magnoliophyta: Magnoliidae and Hamamelidae.",,"Quercus rubra var. rubra, Quercus rubra var. borealis, Quercus rubra var. maxima, Quercus borealis, Quercus borealis var. maxima",Northern Red Oak,Tree,5859,09-02-1908,Seed,"Quercus borealis, Quercus borealis maxima, Quercus rubra maxima",Q. rubra,,,Collected directly from the wild; origin known,S,X,SA,"Mr. Charles E. Faxon, Arnold Arboretum, Jamaica Plain, MA, United States",,,,,,"Faxon, C.E.",,,United States,"New Hampshire, Littleton",,,,,,,,,,,,,,,,26-SW,26,SW,42.2999613,-71.12363106,2017-12-31,Alive,,2017-08-24,92.6,C,,,,,,,,,,2.7,No
111-2019*R,111-2019,Pinaceae,Pinus,strobus,,Pinus strobus,Accepted name,1993. Flora of North America. Pteridophytes and Gymnosperms. Http://www.Efloras.Org/volume_page.Aspx?volume_id=1002.,,,"Eastern White Pine, Weymouth's Pine, Northern White Pine",Tree,111-2019,04-09-2019,Plant,Pinus strobus,P. strobus,,,From a cultivated plant not of known wild origin,,,,"Morningstar Nurseries, Llc, West Kingston, RI, United States",,,Items 410000017777 and 410000009987,,,,,,,,,,,,,,,,,,,,,,,WH1-SW,WH1,SW,42.29546274,-71.13437005,2022-06-14,Good,,2022-06-14,9.3,C,,,,,,,,,,7.2,No
16611*F,16611,Salicaceae,Populus,deltoides,,Populus deltoides ssp. deltoides,Accepted name,2010. Flora of North America. Magnoliophyta: Salicaceae to Brassicaceae. Oxford University Press.,,"Populus virginiana, Populus angulata, Populus angulata var. missouriensis",Eastern Cottonwood,Tree,16611,08-15-1895,Seedling,"Populus monilifera, P. deltoides, P. balsamifera virginiana, P. deltoides",Pop. delt. ssp. delt.,ssp.,deltoides,Collected directly from the wild; origin known,,,,"Mr. J. G. Jack, Arnold Arboretum, Jamaica Plain, MA, United States",,,,,,"Jack, J. G.",,,Canada,"Quebec, Chateauguay",,,,,,,,,,,,,,August 1895 and September 1896,,51-SE,51,SE,42.29432229,-71.12466088,2021-06-08,Good,,2021-06-08,93.9,C,,,,,,,,,"Eckenwalder, J. E., 01 Jan 1989, Populus deltoides ssp. deltoides, 3",4.13,No
386-71*B,386-71,Ericaceae,Vaccinium,corymbosum,,Vaccinium corymbosum,Accepted name,"Kloet, S.P.V. 1980. The Taxonomy of the Highbush Blueberry, Vaccinium Corymbosum. Canadian Journal of Botany 58:1187-1201.",,"Vaccinium simulatum, Vaccinium virgatum var. tenellum, Vaccinium elliottii, Vaccinium virgatum, Vaccinium amoenum",Highbush Blueberry,Shrub,386-71,02-16-1971,Seed,"Vaccinium angustifolium nigrum, Vaccinium corymbosum",Vacc. corymbosum,,,From a cultivated plant of known (indirect) wild origin,XX,X,SA,"Montreal Botanical Garden, Montreal, Quebec, Canada",,,,,,,,07-01-1969,Canada,Quebec,,,,,,,,,,,,,,Collected in natural local plantings.,,5-SW,5,SW,42.30571912,-71.12155379,2024-11-13,Good,,2008-10-23,,,,,1.98,M,,,,,"Michener, D., 01 Jan 1988, Vaccinium corymbosum, 3",1.3,No
1104-81*A,1104-81,Adoxaceae,Viburnum,cassinoides,,Viburnum cassinoides,Accepted name,"Dirr, M.A. 2007. Viburnums. Flowering Shrubs for Every Season. Timber Press, Inc.",,,Withe-rod,Shrub,1104-81,04-13-1982,Cutting,Viburnum cassinoides,V. cassinoides,,,Collected directly from the wild; origin known,V,X,VA,"Mr. Gary L. Koller, Arnold Arboretum, Jamaica Plain, MA, United States",,,,,,"Koller, G. L.",,07-18-1981,United States,Massachusetts,,"along shoreline of Mary Dunn Pond, near Hyannis",,,,,,,,,edge of woodland,,,,"Leucothoe racemosa, Nemopanthus mucronatus, Pinus rigida, Quercus sp., Vaccinium corymbosum",50-NE,50,NE,42.295173,-71.12621128,2021-05-28,Good,,2021-05-28,,,,,2.0,M,C,,,,,4.13,No
111-2019*S,111-2019,Pinaceae,Pinus,strobus,,Pinus strobus,Accepted name,1993. Flora of North America. Pteridophytes and Gymnosperms. Http://www.Efloras.Org/volume_page.Aspx?volume_id=1002.,,,"Eastern White Pine, Weymouth's Pine, Northern White Pine",Tree,111-2019,04-09-2019,Plant,Pinus strobus,P. strobus,,,From a cultivated plant not of known wild origin,,,,"Morningstar Nurseries, Llc, West Kingston, RI, United States",,,Items 410000017777 and 410000009987,,,,,,,,,,,,,,,,,,,,,,,WH1-SW,WH1,SW,42.29543839,-71.13435383,2022-06-14,Good,,2022-06-14,8.6,C,,,,,,,,,,7.2,No
1196-84*A,1196-84,Sapindaceae,Acer,rubrum,,Acer rubrum,Accepted name,"New England Wild Flower Society, Haines, A. 2011. Flora Novae Angliae. A manual for identification of native and naturalized higher vascular plants of New England. Yale University Press, New Haven and London.",,,Red Maple,Tree,1196-84,10-15-1984,Plant,Acer rubrum,A. rubrum,,,Collected directly from the wild; origin known,XX,X,SA,"Mr. Gary L. Koller, Arnold Arboretum, Jamaica Plain, MA, United States",,,,,,"Koller, G. L.",,10-12-1984,United States,"Massachusetts, Norfolk County",,"Blue Hills Reservation, near intersection of Rte. 128 and Ponkapoag Trail, along access road to Ponkapoag Pond",,,,,,,,,,,,,,11-NE,11,NE,42.30388171,-71.12019927,2019-10-07,Good,,2019-09-24,27.3,C,,,,,,,,,,1.6,No
1199*J,1199,Betulaceae,Betula,nigra,,Betula nigra,Accepted name,1993. Flora of North America Volume 3. Magnoliophyta: Magnoliidae and Hamamelidae. Http://www.Efloras.Org/florataxon.Aspx?flora_id=1&amp;taxon_id=220006616.,,,River Birch,Tree,1199,07-17-1877,Seed,Betula nigra,Bet. nigra,,,Collected directly from the wild; origin known,,X,,,,,,,,"Dawson, L. Y.",,,United States,"Massachusetts, Lowell",,,,,,,,,,,,,,,,13-NE,13,NE,42.30252077,-71.12397574,2024-08-16,Fair,,2024-08-16,89.1,C,,,,,,,,,"Hugh McAllister, 18 Jun 2009, Betula nigra, 3",2.9,No
12843*H,12843,Betulaceae,Betula,alleghaniensis,,Betula alleghaniensis,Accepted name,"Little, E.L.Jr. 1953. Check List of Native and Naturalized Trees of the United States (Including Alaska). (Agricultural Handbook No. 41). Washington, D.C.: U. S. Forest Service. 472 pp.",,"Betula lutea var. alleghaniensis, Betula lutea",Yellow Birch,Tree,12843,10-15-1900,Plant,"Betula lutea, B. alleghaniensis",Bet. alleghan.,,,Collected directly from the wild; origin known,,,,"Mr. Jackson T. Dawson, Arnold Arboretum, Jamaica Plain, MA, United States",,,,,,"Dawson, J. T.",,,United States,"Maine, Bar Harbor",,,,,,,,,,,,,,,,14-SW,14,SW,42.30199149,-71.12371027,2017-12-31,Alive,,2017-06-29,64.6,C,,,,,,,,,"McAllister, Hugh, 01 Oct 2012, Betula x caerulea, 3",2.10,No
12843*A,12843,Betulaceae,Betula,alleghaniensis,,Betula alleghaniensis,Accepted name,"Little, E.L.Jr. 1953. Check List of Native and Naturalized Trees of the United States (Including Alaska). (Agricultural Handbook No. 41). Washington, D.C.: U. S. Forest Service. 472 pp.",,"Betula lutea var. alleghaniensis, Betula lutea",Yellow Birch,Tree,12843,10-15-1900,Plant,"Betula lutea, B. alleghaniensis",Bet. alleghan.,,,Collected directly from the wild; origin known,,,,"Mr. Jackson T. Dawson, Arnold Arboretum, Jamaica Plain, MA, United States",,,,,,"Dawson, J. T.",,,United States,"Maine, Bar Harbor",,,,,,,,,,,,,,,,14-SW,14,SW,42.3020682,-71.12386246,2017-12-31,Alive,,,73.8,C,,,,,,,,,,2.10,No
12843*D,12843,Betulaceae,Betula,alleghaniensis,,Betula alleghaniensis,Accepted name,"Little, E.L.Jr. 1953. Check List of Native and Naturalized Trees of the United States (Including Alaska). (Agricultural Handbook No. 41). Washington, D.C.: U. S. Forest Service. 472 pp.",,"Betula lutea var. alleghaniensis, Betula lutea",Yellow Birch,Tree,12843,10-15-1900,Plant,"Betula lutea, B. alleghaniensis",Bet. alleghan.,,,Collected directly from the wild; origin known,,,,"Mr. Jackson T. Dawson, Arnold Arboretum, Jamaica Plain, MA, United States",,,,,,"Dawson, J. T.",,,United States,"Maine, Bar Harbor",,,,,,,,,,,,,,,,14-SW,14,SW,42.302041,-71.12388059,2017-12-31,Alive,,2017-06-29,70.9,C,at ca. .5m,,,,,,,,,2.10,No
12907*B,12907,Juglandaceae,Carya,ovata,,Carya ovata var. ovata,Accepted name,1993. Flora of North America Volume 3. Magnoliophyta: Magnoliidae and Hamamelidae. Http://www.Efloras.Org/florataxon.Aspx?flora_id=1&amp;taxon_id=220006616.,,"Carya ovata var. fraxinifolia, Carya ovata var. pubescens, Carya ovata var. nuttallii",Shagbark Hickory,Tree,12907,10-18-1883,Seed,"Carya alba, Hickoria [Hicoria] ovata, Carya ovata, C. ovata cf. var. fraxinifolia, C. ovata",Carya ov. var. ovata,var.,ovata,Collected directly from the wild; origin known,S,X,SA,"Mr. Jackson T. Dawson, Arnold Arboretum, Jamaica Plain, MA, United States via Mr. Charles E. Faxon, Arnold Arboretum, Jamaica Plain, MA, United States",,,,,,"Faxon, C. E., Dawson, J. T.","129-153, 155-158",,United States,"Massachusetts, [Suffolk County], Jamaica Plain",,,Estimated,Within 5 km of the coordinates.,"Probable - close match for the locality name in the gazetteer or map, with possible, although unlikely, ambiguity.",,,,,,,,,,,19-NW,19,NW,42.30172976,-71.12580046,2023-10-23,Good,,2023-10-23,54.8,C,,,,,,,,,,3.2,No
12907*D,12907,Juglandaceae,Carya,ovata,,Carya ovata var. ovata,Accepted name,1993. Flora of North America Volume 3. Magnoliophyta: Magnoliidae and Hamamelidae. Http://www.Efloras.Org/florataxon.Aspx?flora_id=1&amp;taxon_id=220006616.,,"Carya ovata var. fraxinifolia, Carya ovata var. pubescens, Carya ovata var. nuttallii",Shagbark Hickory,Tree,12907,10-18-1883,Seed,"Carya alba, Hickoria [Hicoria] ovata, Carya ovata, C. ovata cf. var. fraxinifolia, C. ovata",Carya ov. var. ovata,var.,ovata,Collected directly from the wild; origin known,S,X,SA,"Mr. Jackson T. Dawson, Arnold Arboretum, Jamaica Plain, MA, United States via Mr. Charles E. Faxon, Arnold Arboretum, Jamaica Plain, MA, United States",,,,,,"Faxon, C. E., Dawson, J. T.","129-153, 155-158",,United States,"Massachusetts, [Suffolk County], Jamaica Plain",,,Estimated,Within 5 km of the coordinates.,"Probable - close match for the locality name in the gazetteer or map, with possible, although unlikely, ambiguity.",,,,,,,,,,,19-NW,19,NW,42.30168923,-71.12587438,2023-10-23,Good,,2023-10-23,51.8,C,,,,,,,,,,3.2,No
12907*I,12907,Juglandaceae,Carya,ovata,,Carya ovata var. ovata,Accepted name,1993. Flora of North America Volume 3. Magnoliophyta: Magnoliidae and Hamamelidae. Http://www.Efloras.Org/florataxon.Aspx?flora_id=1&amp;taxon_id=220006616.,,"Carya ovata var. fraxinifolia, Carya ovata var. pubescens, Carya ovata var. nuttallii",Shagbark Hickory,Tree,12907,10-18-1883,Seed,"Carya alba, Hickoria [Hicoria] ovata, Carya ovata, C. ovata cf. var. fraxinifolia, C. ovata",Carya ov. var. ovata,var.,ovata,Collected directly from the wild; origin known,S,X,SA,"Mr. Jackson T. Dawson, Arnold Arboretum, Jamaica Plain, MA, United States via Mr. Charles E. Faxon, Arnold Arboretum, Jamaica Plain, MA, United States",,,,,,"Faxon, C. E., Dawson, J. T.","129-153, 155-158",,United States,"Massachusetts, [Suffolk County], Jamaica Plain",,,Estimated,Within 5 km of the coordinates.,"Probable - close match for the locality name in the gazetteer or map, with possible, although unlikely, ambiguity.",,,,,,,,,,,19-NW,19,NW,42.30185516,-71.12559225,2023-10-23,Good,,2023-10-23,51.0,C,,,,,,,,,"Michener, D., 01 Jan 1987, Carya ovata var. fraxinifolia, 2; Dosmann, M., 25 Sep 2020, Carya ovata var. ovata, 3",3.2,No
12907*N,12907,Juglandaceae,Carya,ovata,,Carya ovata var. ovata,Accepted name,1993. Flora of North America Volume 3. Magnoliophyta: Magnoliidae and Hamamelidae. Http://www.Efloras.Org/florataxon.Aspx?flora_id=1&amp;taxon_id=220006616.,,"Carya ovata var. fraxinifolia, Carya ovata var. pubescens, Carya ovata var. nuttallii",Shagbark Hickory,Tree,12907,10-18-1883,Seed,"Carya alba, Hickoria [Hicoria] ovata, Carya ovata, C. ovata cf. var. fraxinifolia, C. ovata",Carya ov. var. ovata,var.,ovata,Collected directly from the wild; origin known,S,X,SA,"Mr. Jackson T. Dawson, Arnold Arboretum, Jamaica Plain, MA, United States via Mr. Charles E. Faxon, Arnold Arboretum, Jamaica Plain, MA, United States",,,,,,"Faxon, C. E., Dawson, J. T.","129-153, 155-158",,United States,"Massachusetts, [Suffolk County], Jamaica Plain",,,Estimated,Within 5 km of the coordinates.,"Probable - close match for the locality name in the gazetteer or map, with possible, although unlikely, ambiguity.",,,,,,,,,,,19-NW,19,NW,42.30163563,-71.12561522,2023-10-23,Good,,2023-10-20,61.2,C,,,,,,,,,,3.2,No
12907*G,12907,Juglandaceae,Carya,ovata,,Carya ovata var. ovata,Accepted name,1993. Flora of North America Volume 3. Magnoliophyta: Magnoliidae and Hamamelidae. Http://www.Efloras.Org/florataxon.Aspx?flora_id=1&amp;taxon_id=220006616.,,"Carya ovata var. fraxinifolia, Carya ovata var. pubescens, Carya ovata var. nuttallii",Shagbark Hickory,Tree,12907,10-18-1883,Seed,"Carya alba, Hickoria [Hicoria] ovata, Carya ovata, C. ovata cf. var. fraxinifolia, C. ovata",Carya ov. var. ovata,var.,ovata,Collected directly from the wild; origin known,S,X,SA,"Mr. Jackson T. Dawson, Arnold Arboretum, Jamaica Plain, MA, United States via Mr. Charles E. Faxon, Arnold Arboretum, Jamaica Plain, MA, United States",,,,,,"Faxon, C. E., Dawson, J. T.","129-153, 155-158",,United States,"Massachusetts, [Suffolk County], Jamaica Plain",,,Estimated,Within 5 km of the coordinates.,"Probable - close match for the locality name in the gazetteer or map, with possible, although unlikely, ambiguity.",,,,,,,,,,,19-NW,19,NW,42.30181554,-71.1256858,2023-10-23,Good,,2023-10-23,59.5,C,,,,,,,,,,3.2,No
161-2019*R,161-2019,Pinaceae,Pinus,nigra,,Pinus nigra,Accepted name,"Stace, C.A. 2010. New Flora of the British Isles. (3rd Ed.). United Kingdom: Cambridge University Press. 1232 pp.",,Pinus nigra austriaca,"Austrian Pine, Black Pine",Tree,161-2019,05-23-2019,Plant,Pinus nigra,P. nigra,,,From a cultivated plant not of known wild origin,XX,X,U,Unknown,,,,,,,,,,,,,,,,,,,,,,,,,,BBM4-SE,BBM4,SE,42.29911803,-71.11600907,2022-06-13,Fair,,2022-06-13,30.4,C,,,,,,,,,,6.1,No
17527*D,17527,Malvaceae,Tilia,americana,,Tilia americana,Accepted name,"Rehder, A. 1940. Manual of Cultivated Trees and Shrubs Hardy in North America (ed. 2). New York, NY: Macmillan Co. 996 pp.",,,"American Linden, American Basswood",Tree,17527,11-15-1897,Plant,"Tilia americana, Tilia glabra, Tilia americana",T. americana,,,From a cultivated plant not of known wild origin,XX,X,U,"Thos. Meehan &amp; Son, Germantown, PA, United States",,,,,,,,,,,,,,,,,,,,,,,,,,7-NE,7,NE,42.3051232,-71.12189286,2019-09-16,Good,,2019-06-04,68.1,C,,,,,,,,,,1.16,No
187-2006*B,187-2006,Sapindaceae,Acer,saccharum,,Acer saccharum,Accepted name,"New England Wild Flower Society, Haines, A. 2011. Flora Novae Angliae. A manual for identification of native and naturalized higher vascular plants of New England. Yale University Press, New Haven and London.",,"Acer saccharophorum, Aster saccharum",Sugar Maple,Tree,187-2006,04-26-2006,Plant,Acer saccharum,A. saccharum,,,Collected directly from the wild; origin known,XX,X,U,"Heritage Seedlings Nursery, Salem, OR, United States",,,,,,,,,United States,Pennsylvania,,From the hills around Pittsburgh.,,,,,,,,,,,,,,8-SE,8,SE,42.30431226,-71.12006593,2019-10-07,Fair,,2011-10-26,21.9,C,,,,,,,,,,1.6,No
22886*D,22886,Fagaceae,Quercus,alba,,Quercus alba,Accepted name,"Flora of North America Editorial Committee, eds. 1997. Flora of North America. Magnoliophyta: Magnoliidae and Hamamelidae.",,,"White Oak, Eastern White Oak, Stave Oak",Tree,22886,07-01-1950,Existing plant,Quercus alba,Q. alba,,,Uncertain origin,XX,X,U,Unknown,,,,,,,,,,,,,,,,,,,,,,,,,,31-NE,31,NE,42.29940788,-71.12438014,2017-12-31,Alive,,2017-10-17,87.2,C,,,,,,,,,,2.7,No
22947*C,22947,Hamamelidaceae,Hamamelis,virginiana,,Hamamelis virginiana,Accepted name,"Rehder, A. 1949. Bibliography of Cultivated Trees and Shrubs Hardy in the Cooler Temperate Regions of the Northern Hemisphere. Jamaica Plain, MA: Arnold Arboretum. 825 pp.",,Hamamelis macrophylla,Common Witch-hazel,Shrub,22947,07-01-1951,Unknown,Hamamelis virginiana,Ham. virg.,,,Uncertain origin,XX,X,U,Unknown,,,,,,,,,,,,,,,,,,,,,,,,,,25-SW,25,SW,42.29994906,-71.12512975,2017-10-17,Good,,2017-10-17,5.4,C,largest stem,,,,,,,,,2.7,No
285-2007*E,285-2007,Ericaceae,Vaccinium,corymbosum,,Vaccinium corymbosum,Accepted name,"Kloet, S.P.V. 1980. The Taxonomy of the Highbush Blueberry, Vaccinium Corymbosum. Canadian Journal of Botany 58:1187-1201.",,"Vaccinium simulatum, Vaccinium virgatum var. tenellum, Vaccinium elliottii, Vaccinium virgatum, Vaccinium amoenum",Highbush Blueberry,Shrub,285-2007,05-15-2007,Plant,Vaccinium corymbosum,Vacc. corymbosum,,,Collected directly from the wild; origin known,,,,"New England Wetland Plants, Inc., Amherst, MA, United States",,,,,,,,,United States,"Massachusetts, Amherst",,,,,,,,,,,,,,,,8-NW,8,NW,42.30474282,-71.12165296,2019-09-23,Good,,2019-09-23,,,,,1.1,M,,,,,,1.3,No
358-82*A,358-82,Fagaceae,Quercus,alba,,Quercus alba,Accepted name,"Flora of North America Editorial Committee, eds. 1997. Flora of North America. Magnoliophyta: Magnoliidae and Hamamelidae.",,,"White Oak, Eastern White Oak, Stave Oak",Tree,358-82,03-25-1982,Seed,Quercus alba,Q. alba,,,Collected directly from the wild; origin known,XX,X,SA,"Bamboo Aquatic Salon, Eco-Gardens, Decatur, GA, United States",,,,,,"Jacobs, D.",,,United States,"Georgia, Decatur",,,,,,,,,,,,,,,,32-NW,32,NW,42.29920928,-71.12373613,2017-12-31,Alive,,2017-10-18,38.4,C,,,,,,,,,,2.7,No
689-2010*A,689-2010,Sapindaceae,Acer,saccharum,,Acer saccharum,Accepted name,"New England Wild Flower Society, Haines, A. 2011. Flora Novae Angliae. A manual for identification of native and naturalized higher vascular plants of New England. Yale University Press, New Haven and London.",,"Acer saccharophorum, Aster saccharum",Sugar Maple,Tree,689-2010,11-18-2010,Existing plant,Acer saccharum,A. saccharum,,,Uncertain origin,,,,"Arnold Arboretum, Jamaica Plain, MA, United States",,,,,,,,,,,,,,,,,,,,,,,,,,62-NW,62,NW,42.2917509,-71.1278148,2021-07-28,Good,,2021-07-28,78.0,C,,,,,,,,,,4.4,No
6990*A,6990,Juglandaceae,Carya,glabra,,Carya glabra,Accepted name,"Rehder, A. 1949. Bibliography of Cultivated Trees and Shrubs Hardy in the Cooler Temperate Regions of the Northern Hemisphere. Jamaica Plain, MA: Arnold Arboretum. 825 pp.",,"Carya ovalis, Carya ovalis var. acuta, Carya ovalis var. hirsuta, Carya ovalis var. obcordata, Carya ovalis var. obovalis, Carya ovalis var. odorata, Carya glabra var. megacarpa, Carya glabra var. hirsuta, Carya leiodermis",Pignut,Tree,6990,12-29-1909,Seed,"Carya sp., Carya porcina acuta, Carya ovalis obovalis acuta, Carya ovalis var. acuta, Carya ovalis",Carya glabra,,,Collected directly from the wild; origin known,S,X,SA,"Highland Park Herbarium, Rochester, NY, United States",,,,,,"Slavin, B. H.",4,,United States,"New York, [Monroe County], Rochester",,Seneca Park [Retro-classified with accuracy of 2 km.],Estimated,Within 5 km of the coordinates.,"Probable - close match for the locality name in the gazetteer or map, with possible, although unlikely, ambiguity.",,,,,,,,,"[Seneca Park is an Olmstedian landscape designed to preserve and allow access to a forested gorge along the Genesee River, hence this collection has been interpreted as wild - JRD 5 NOV 2010].",,25-SW,25,SW,42.30020379,-71.12586584,2023-10-25,Good,,2023-10-25,45.7,C,,,,,,,,,,3.2,No
8197*A,8197,Fagaceae,Quercus,rubra,,Quercus rubra,Accepted name,"Flora of North America Editorial Committee, eds. 1997. Flora of North America. Magnoliophyta: Magnoliidae and Hamamelidae.",,"Quercus rubra var. rubra, Quercus rubra var. borealis, Quercus rubra var. maxima, Quercus borealis, Quercus borealis var. maxima",Northern Red Oak,Tree,8197,07-01-1916,Seed,"Quercus shumardii, Quercus borealis maxima, Quercus rubra maxima",Q. rubra,,,Collected directly from the wild; origin known,S,X,SA,"Mr. Thomas Grant Harbison, Highlands, NC, United States",,,,,,"Harbison, T. G.",,,United States,Tennessee,,,,,,,,,,,,,,,,25-SE,25,SE,42.2999685,-71.12424385,2017-12-31,Alive,,2017-10-17,66.2,C,,,,,,,,,,2.7,No
12651*H,12651,Sapindaceae,Aesculus,flava,,Aesculus flava,Accepted name,"Hillier Nurseries 1991. The Hillier Manual of Trees &amp; Shrubs, Ed. 6. Ampfiled House, Ampfield: Hillier Nurseries (Winchester) Ltd. 1-704 pp.",,"Aesculus octandra, Aesculus octandra forma vestita, Aesculus octandra forma virginica","Yellow Buckeye, Sweet Buckeye",Tree,12651,07-01-1906,Seed,Aesculus octandra f. vestita,Aesc. flava,,,Collected directly from the wild; origin known,,,,"Mr. Thomas Grant Harbison, Highlands, NC, United States",,,,,,"Harbison, T. G.",,07-01-1906,United States,"North Carolina, Buncombe County",,Craggy Mt.,,,,,,,,,,,,,,11-NW,11,NW,42.3035604,-71.12143904,2019-09-17,Fair,,2019-09-17,49.1,C,,,,,,,,,"Michener, D., 01 Jan 1987, Aesculus flava, 2",1.15,No
12651*I,12651,Sapindaceae,Aesculus,flava,,Aesculus flava,Accepted name,"Hillier Nurseries 1991. The Hillier Manual of Trees &amp; Shrubs, Ed. 6. Ampfiled House, Ampfield: Hillier Nurseries (Winchester) Ltd. 1-704 pp.",,"Aesculus octandra, Aesculus octandra forma vestita, Aesculus octandra forma virginica","Yellow Buckeye, Sweet Buckeye",Tree,12651,07-01-1906,Seed,Aesculus octandra f. vestita,Aesc. flava,,,Collected directly from the wild; origin known,,,,"Mr. Thomas Grant Harbison, Highlands, NC, United States",,,,,,"Harbison, T. G.",,07-01-1906,United States,"North Carolina, Buncombe County",,Craggy Mt.,,,,,,,,,,,,,,57-NE,57,NE,42.2931417,-71.12879258,2021-07-15,Good,,2021-07-15,61.1,C,,,,,,,,,,4.3,No
12843*E,12843,Betulaceae,Betula,alleghaniensis,,Betula alleghaniensis,Accepted name,"Little, E.L.Jr. 1953. Check List of Native and Naturalized Trees of the United States (Including Alaska). (Agricultural Handbook No. 41). Washington, D.C.: U. S. Forest Service. 472 pp.",,"Betula lutea var. alleghaniensis, Betula lutea",Yellow Birch,Tree,12843,10-15-1900,Plant,"Betula lutea, B. alleghaniensis",Bet. alleghan.,,,Collected directly from the wild; origin known,,,,"Mr. Jackson T. Dawson, Arnold Arboretum, Jamaica Plain, MA, United States",,,,,,"Dawson, J. T.",,,United States,"Maine, Bar Harbor",,,,,,,,,,,,,,,,14-SW,14,SW,42.30194577,-71.12374252,2017-12-31,Alive,,2017-06-29,56.2,C,at ca. 1m,,,,,,,,"Hugh McAllister, 18 Jun 2009, Betula alleghaniensis, 3",2.10,No
17538*A,17538,Malvaceae,Tilia,americana,,Tilia americana,Accepted name,"Rehder, A. 1940. Manual of Cultivated Trees and Shrubs Hardy in North America (ed. 2). New York, NY: Macmillan Co. 996 pp.",,,"American Linden, American Basswood",Tree,17538,09-15-1906,Seed,"Tilia michauxii, Tilia neglecta",T. americana,,,Collected directly from the wild; origin known,S,X,SA,"Mr. J. G. Jack, Arnold Arboretum, Jamaica Plain, MA, United States",,,,,,"Jack, J. G.",,,Canada,"Quebec, Terrebonne County",,Sainte Therese,,,,,,,,,,,,,,53-SE,53,SE,42.29325928,-71.12871082,2021-07-14,Good,,2021-07-14,105.9,C,Basal,,,,,,,,,4.1,No
227-2011*A,227-2011,Fagaceae,Quercus,alba,,Quercus alba,Accepted name,"Flora of North America Editorial Committee, eds. 1997. Flora of North America. Magnoliophyta: Magnoliidae and Hamamelidae.",,,"White Oak, Eastern White Oak, Stave Oak",Tree,227-2011,07-26-2011,Existing plant,Quercus alba,Q. alba,,,Uncertain origin,,,,"Arnold Arboretum, Jamaica Plain, MA, United States",,,,,,,,,,,,,,,,,,,,,,,,,,31-NE,31,NE,42.29933201,-71.12435358,2017-12-31,Alive,,2017-10-17,66.1,C,,,,,,,,,,2.7,No
22834*B,22834,Sapindaceae,Acer,saccharum,,Acer saccharum,Accepted name,"New England Wild Flower Society, Haines, A. 2011. Flora Novae Angliae. A manual for identification of native and naturalized higher vascular plants of New England. Yale University Press, New Haven and London.",,"Acer saccharophorum, Aster saccharum",Sugar Maple,Tree,22834,02-02-1950,Seedling,Acer saccharum,A. saccharum,,,From a cultivated plant not of known wild origin,,,,"Dr. Karl Sax, Arnold Arboretum, Jamaica Plain, MA, United States via Arnold Arboretum, Jamaica Plain, MA, United States",,,,,,"Sax, K.",,02-15-1950,United States,Massachusetts,,"Jamaica Plain, Peters Estate",,,,,,,,,,,,,,11-NW,11,NW,42.3040241,-71.12065871,2020-09-09,Good,,2019-09-23,81.9,C,at 0.5m,,,,,,,,"Delendick, T.J., 15 May 1986, Acer saccharum, 2",1.6,No
7141*A,7141,Malvaceae,Tilia,americana,,Tilia americana,Accepted name,"Rehder, A. 1940. Manual of Cultivated Trees and Shrubs Hardy in North America (ed. 2). New York, NY: Macmillan Co. 996 pp.",,,"American Linden, American Basswood",Tree,7141,12-15-1912,Plant,"Tilia stellata, Tilia neglecta",T. americana,,,From a cultivated plant not of known wild origin,XX,X,U,"Ludwig Spaeth, Berlin, Germany",,,,,,,,,,,,,,,,,,,,,,,,,,7-SE,7,SE,42.30415322,-71.12252621,2019-09-11,Good,,2019-09-11,58.9,C,,,,,,,,,"Mazzeo, P., 01 Jan 1986, Tilia americana, 2",1.16,No
14693*B,14693,Hamamelidaceae,Hamamelis,virginiana,,Hamamelis virginiana,Accepted name,"Rehder, A. 1949. Bibliography of Cultivated Trees and Shrubs Hardy in the Cooler Temperate Regions of the Northern Hemisphere. Jamaica Plain, MA: Arnold Arboretum. 825 pp.",,Hamamelis macrophylla,Common Witch-hazel,Shrub,14693,09-20-1883,Plant,"Hamamelis virginica, Hamamelis virginiana",Ham. virg.,,,Collected directly from the wild; origin known,S,X,I,"Mr. Jackson T. Dawson, Arnold Arboretum, Jamaica Plain, MA, United States",,,,,,"Dawson, J. T.",,,United States,"Massachusetts, Lenox",,,,,,,,,,,,,,,,32-SW,32,SW,42.29865474,-71.12323151,2017-10-18,Good,,2017-10-18,9.2,C,largest stem,,4.2,M,C,,,,"Wood, Jordan T., 28 Oct 2014, Hamamelis virginiana, 2",2.7,No
14693*A,14693,Hamamelidaceae,Hamamelis,virginiana,,Hamamelis virginiana,Accepted name,"Rehder, A. 1949. Bibliography of Cultivated Trees and Shrubs Hardy in the Cooler Temperate Regions of the Northern Hemisphere. Jamaica Plain, MA: Arnold Arboretum. 825 pp.",,Hamamelis macrophylla,Common Witch-hazel,Shrub,14693,09-20-1883,Plant,"Hamamelis virginica, Hamamelis virginiana",Ham. virg.,,,Collected directly from the wild; origin known,S,X,I,"Mr. Jackson T. Dawson, Arnold Arboretum, Jamaica Plain, MA, United States",,,,,,"Dawson, J. T.",,,United States,"Massachusetts, Lenox",,,,,,,,,,,,,,,,32-SW,32,SW,42.29867372,-71.12325239,2017-10-18,Good,,2017-10-18,7.4,C,largest stem,,3.2,M,C,,,,"Wood, Jordan T., 17 Oct 2014, Hamamelis virginiana, 2",2.7,No
16611*J,16611,Salicaceae,Populus,deltoides,,Populus deltoides ssp. deltoides,Accepted name,2010. Flora of North America. Magnoliophyta: Salicaceae to Brassicaceae. Oxford University Press.,,"Populus virginiana, Populus angulata, Populus angulata var. missouriensis",Eastern Cottonwood,Tree,16611,08-15-1895,Seedling,"Populus monilifera, P. deltoides, P. balsamifera virginiana, P. deltoides",Pop. delt. ssp. delt.,ssp.,deltoides,Collected directly from the wild; origin known,,,,"Mr. J. G. Jack, Arnold Arboretum, Jamaica Plain, MA, United States",,,,,,"Jack, J. G.",,,Canada,"Quebec, Chateauguay",,,,,,,,,,,,,,August 1895 and September 1896,,55-NE,55,NE,42.2941909,-71.12464076,2021-07-22,Good,,2021-07-22,71.0,C,,,,,,,,,,4.13,No
16611*K,16611,Salicaceae,Populus,deltoides,,Populus deltoides ssp. deltoides,Accepted name,2010. Flora of North America. Magnoliophyta: Salicaceae to Brassicaceae. Oxford University Press.,,"Populus virginiana, Populus angulata, Populus angulata var. missouriensis",Eastern Cottonwood,Tree,16611,08-15-1895,Seedling,"Populus monilifera, P. deltoides, P. balsamifera virginiana, P. deltoides",Pop. delt. ssp. delt.,ssp.,deltoides,Collected directly from the wild; origin known,,,,"Mr. J. G. Jack, Arnold Arboretum, Jamaica Plain, MA, United States",,,,,,"Jack, J. G.",,,Canada,"Quebec, Chateauguay",,,,,,,,,,,,,,August 1895 and September 1896,,55-NE,55,NE,42.29404926,-71.12460511,2021-07-22,Fair,,2021-07-22,81.5,C,,,,,,,,,,4.13,No
16611*O,16611,Salicaceae,Populus,deltoides,,Populus deltoides ssp. deltoides,Accepted name,2010. Flora of North America. Magnoliophyta: Salicaceae to Brassicaceae. Oxford University Press.,,"Populus virginiana, Populus angulata, Populus angulata var. missouriensis",Eastern Cottonwood,Tree,16611,08-15-1895,Seedling,"Populus monilifera, P. deltoides, P. balsamifera virginiana, P. deltoides",Pop. delt. ssp. delt.,ssp.,deltoides,Collected directly from the wild; origin known,,,,"Mr. J. G. Jack, Arnold Arboretum, Jamaica Plain, MA, United States",,,,,,"Jack, J. G.",,,Canada,"Quebec, Chateauguay",,,,,,,,,,,,,,August 1895 and September 1896,,55-NE,55,NE,42.29389083,-71.1246033,2021-07-22,Good,,2021-07-22,87.5,C,,,,,,,,,,4.13,No
20098*A,20098,Juglandaceae,Carya,glabra,,Carya glabra,Accepted name,"Rehder, A. 1949. Bibliography of Cultivated Trees and Shrubs Hardy in the Cooler Temperate Regions of the Northern Hemisphere. Jamaica Plain, MA: Arnold Arboretum. 825 pp.",,"Carya ovalis, Carya ovalis var. acuta, Carya ovalis var. hirsuta, Carya ovalis var. obcordata, Carya ovalis var. obovalis, Carya ovalis var. odorata, Carya glabra var. megacarpa, Carya glabra var. hirsuta, Carya leiodermis",Pignut,Tree,20098,07-01-1883,Seed,"Carya ovalis, Carya glabra",Carya glabra,,,Collected directly from the wild; origin known,S,X,SA,"Mr. Jackson T. Dawson, Arnold Arboretum, Jamaica Plain, MA, United States via Mr. Charles E. Faxon, Arnold Arboretum, Jamaica Plain, MA, United States",,,,,,"Dawson, J.T., Faxon, C.E.",,07-01-1883,United States,"Massachusetts, [Suffolk County], Jamaica Plain",,,Estimated,Within 5 km of the coordinates.,"Probable - close match for the locality name in the gazetteer or map, with possible, although unlikely, ambiguity.",,,,,,,,,,,25-SW,25,SW,42.29994157,-71.1258635,2023-10-25,Good,,2023-10-25,62.9,C,,,,,,,,,,3.2,No
2019*S,2019,Juglandaceae,Carya,glabra,,Carya glabra,Accepted name,"Rehder, A. 1949. Bibliography of Cultivated Trees and Shrubs Hardy in the Cooler Temperate Regions of the Northern Hemisphere. Jamaica Plain, MA: Arnold Arboretum. 825 pp.",,"Carya ovalis, Carya ovalis var. acuta, Carya ovalis var. hirsuta, Carya ovalis var. obcordata, Carya ovalis var. obovalis, Carya ovalis var. odorata, Carya glabra var. megacarpa, Carya glabra var. hirsuta, Carya leiodermis",Pignut,Tree,2019,10-19-1883,Seed,"Carya porcina, Hickoria glabra, Carya glabra",Carya glabra,,,Collected directly from the wild; origin known,S,X,SA,"Mr. Charles E. Faxon, Arnold Arboretum, Jamaica Plain, MA, United States",,,,,,"Faxon, C.E.",,,United States,"Massachusetts, [Suffolk County], Jamaica Plain",,,Estimated,Within 5 km of the coordinates.,"Probable - close match for the locality name in the gazetteer or map, with possible, although unlikely, ambiguity.",,,,,,,,,,,25-SW,25,SW,42.29994973,-71.12573747,2023-10-25,Good,,2023-10-25,67.4,C,,,,,,,,,,3.2,No
21815*E,21815,Fagaceae,Quercus,alba,,Quercus alba,Accepted name,"Flora of North America Editorial Committee, eds. 1997. Flora of North America. Magnoliophyta: Magnoliidae and Hamamelidae.",,,"White Oak, Eastern White Oak, Stave Oak",Tree,21815,07-01-1931,Existing plant,Quercus alba,Q. alba,,,Uncertain origin,XX,X,U,Unknown,,,,,,,,,,,,,,,,,,,,,,,,,,32-NW,32,NW,42.29918666,-71.12348625,2017-12-31,Alive,,2017-10-18,73.3,C,,,,,,,,,,2.7,No
22099*A,22099,Salicaceae,Populus,deltoides,,Populus deltoides ssp. deltoides,Accepted name,2010. Flora of North America. Magnoliophyta: Salicaceae to Brassicaceae. Oxford University Press.,,"Populus virginiana, Populus angulata, Populus angulata var. missouriensis",Eastern Cottonwood,Tree,22099,07-01-1911,Seed,"Populus sp., P. balsamifera virginiana, P. deltoides",Pop. delt. ssp. delt.,ssp.,deltoides,Collected directly from the wild; origin known,,,,"Highland Park Herbarium, Rochester, NY, United States",,,,,,"Slavin, B. M.",16,,United States,"New York, Sodus Bay",,,,,,,,,,,,,,,,55-NE,55,NE,42.29378479,-71.124621,2021-07-22,Good,,2021-07-22,58.0,C,,,,,,,,,"Eckenwalder, J. E., 01 Jan 1989, Populus deltoides ssp. deltoides, 3",4.13,No
593-2008*A,593-2008,Adoxaceae,Viburnum,cassinoides,,Viburnum cassinoides,Accepted name,"Dirr, M.A. 2007. Viburnums. Flowering Shrubs for Every Season. Timber Press, Inc.",,,Withe-rod,Shrub,593-2008,10-16-2008,Seed,Viburnum cassinoides,V. cassinoides,,,Collected directly from the wild; origin known,SO,P,SA,DACK-08 Adirondack Expedition 2008,53,,,,,"Alexander, Jack; Collins, Dennis; Dosmann, Michael; Schneider, Stephen; Thibault, Tim",53,10-09-2008,United States,"New York, Franklin Co., Lake Clear",,"19. Camp Mac - Off McMaster Road and driveway to cabin, above McCauley Pond.",Lat/long information comes from GPS (global positioning system).,Within 5 km of the coordinates.,Certain - an exact match for the locality name in the gazetteer or map; or information derived from a GPS (global positioning system).,,,518,M,5? E,Mesic woods. Growing in 0.5 shade.,Sandy loam with high organic matter.,"Multi-stemmed shrub to 3.0 m in height. Green to reddish, shiny leaves. Fruits range in color from white to blue-black.",,"Abies balsamea, Acer pensylvanicum, Acer rubrum, Acer spicatum, Alnus incana, Betula papyrifera, Betula populifolia, Fagus grandifolia, Pinus strobus, Tsuga canadensis, Viburnum cassinoides, Viburnum trilobum",19-NE,19,NE,42.30184831,-71.12501015,2024-09-03,Good,,2024-09-03,,,,,2.3,M,C,,,,,2.9,No
593-2008*B,593-2008,Adoxaceae,Viburnum,cassinoides,,Viburnum cassinoides,Accepted name,"Dirr, M.A. 2007. Viburnums. Flowering Shrubs for Every Season. Timber Press, Inc.",,,Withe-rod,Shrub,593-2008,10-16-2008,Seed,Viburnum cassinoides,V. cassinoides,,,Collected directly from the wild; origin known,SO,P,SA,DACK-08 Adirondack Expedition 2008,53,,,,,"Alexander, Jack; Collins, Dennis; Dosmann, Michael; Schneider, Stephen; Thibault, Tim",53,10-09-2008,United States,"New York, Franklin Co., Lake Clear",,"19. Camp Mac - Off McMaster Road and driveway to cabin, above McCauley Pond.",Lat/long information comes from GPS (global positioning system).,Within 5 km of the coordinates.,Certain - an exact match for the locality name in the gazetteer or map; or information derived from a GPS (global positioning system).,,,518,M,5? E,Mesic woods. Growing in 0.5 shade.,Sandy loam with high organic matter.,"Multi-stemmed shrub to 3.0 m in height. Green to reddish, shiny leaves. Fruits range in color from white to blue-black.",,"Abies balsamea, Acer pensylvanicum, Acer rubrum, Acer spicatum, Alnus incana, Betula papyrifera, Betula populifolia, Fagus grandifolia, Pinus strobus, Tsuga canadensis, Viburnum cassinoides, Viburnum trilobum",19-NE,19,NE,42.30185115,-71.1249796,2024-09-03,Good,,2024-09-03,,,,,1.9,M,C,,,,,2.9,No
593-2008*C,593-2008,Adoxaceae,Viburnum,cassinoides,,Viburnum cassinoides,Accepted name,"Dirr, M.A. 2007. Viburnums. Flowering Shrubs for Every Season. Timber Press, Inc.",,,Withe-rod,Shrub,593-2008,10-16-2008,Seed,Viburnum cassinoides,V. cassinoides,,,Collected directly from the wild; origin known,SO,P,SA,DACK-08 Adirondack Expedition 2008,53,,,,,"Alexander, Jack; Collins, Dennis; Dosmann, Michael; Schneider, Stephen; Thibault, Tim",53,10-09-2008,United States,"New York, Franklin Co., Lake Clear",,"19. Camp Mac - Off McMaster Road and driveway to cabin, above McCauley Pond.",Lat/long information comes from GPS (global positioning system).,Within 5 km of the coordinates.,Certain - an exact match for the locality name in the gazetteer or map; or information derived from a GPS (global positioning system).,,,518,M,5? E,Mesic woods. Growing in 0.5 shade.,Sandy loam with high organic matter.,"Multi-stemmed shrub to 3.0 m in height. Green to reddish, shiny leaves. Fruits range in color from white to blue-black.",,"Abies balsamea, Acer pensylvanicum, Acer rubrum, Acer spicatum, Alnus incana, Betula papyrifera, Betula populifolia, Fagus grandifolia, Pinus strobus, Tsuga canadensis, Viburnum cassinoides, Viburnum trilobum",19-NE,19,NE,42.30182962,-71.12498215,2024-09-03,Good,,2024-09-03,,,,,1.9,M,C,,,,,2.9,No
593-2008*D,593-2008,Adoxaceae,Viburnum,cassinoides,,Viburnum cassinoides,Accepted name,"Dirr, M.A. 2007. Viburnums. Flowering Shrubs for Every Season. Timber Press, Inc.",,,Withe-rod,Shrub,593-2008,10-16-2008,Seed,Viburnum cassinoides,V. cassinoides,,,Collected directly from the wild; origin known,SO,P,SA,DACK-08 Adirondack Expedition 2008,53,,,,,"Alexander, Jack; Collins, Dennis; Dosmann, Michael; Schneider, Stephen; Thibault, Tim",53,10-09-2008,United States,"New York, Franklin Co., Lake Clear",,"19. Camp Mac - Off McMaster Road and driveway to cabin, above McCauley Pond.",Lat/long information comes from GPS (global positioning system).,Within 5 km of the coordinates.,Certain - an exact match for the locality name in the gazetteer or map; or information derived from a GPS (global positioning system).,,,518,M,5? E,Mesic woods. Growing in 0.5 shade.,Sandy loam with high organic matter.,"Multi-stemmed shrub to 3.0 m in height. Green to reddish, shiny leaves. Fruits range in color from white to blue-black.",,"Abies balsamea, Acer pensylvanicum, Acer rubrum, Acer spicatum, Alnus incana, Betula papyrifera, Betula populifolia, Fagus grandifolia, Pinus strobus, Tsuga canadensis, Viburnum cassinoides, Viburnum trilobum",19-NE,19,NE,42.30183491,-71.1249499,2024-09-03,Fair,,2017-10-05,,,,,1.1,M,C,,,,,2.9,No
925-79*B,925-79,Sapindaceae,Aesculus,flava,,Aesculus flava,Accepted name,"Hillier Nurseries 1991. The Hillier Manual of Trees &amp; Shrubs, Ed. 6. Ampfiled House, Ampfield: Hillier Nurseries (Winchester) Ltd. 1-704 pp.",,"Aesculus octandra, Aesculus octandra forma vestita, Aesculus octandra forma virginica","Yellow Buckeye, Sweet Buckeye",Tree,925-79,09-24-1979,Seed,Aesculus octandra,Aesc. flava,,,Collected directly from the wild; origin known,XX,X,SA,1979 Expedition to North Carolina,,,,,,"Weaver, R., Nickerson, J.",,09-13-1979,United States,"North Carolina, Rutherford County",,"Hickory Nut Gorge, Bat Cave",,,,,,,,,rich woods,,,,,10-NE,10,NE,42.30391297,-71.12232333,2019-09-11,Good,,2019-09-11,44.5,C,,,,,,,,,,1.16,No
1199*D,1199,Betulaceae,Betula,nigra,,Betula nigra,Accepted name,1993. Flora of North America Volume 3. Magnoliophyta: Magnoliidae and Hamamelidae. Http://www.Efloras.Org/florataxon.Aspx?flora_id=1&amp;taxon_id=220006616.,,,River Birch,Tree,1199,07-17-1877,Seed,Betula nigra,Bet. nigra,,,Collected directly from the wild; origin known,,X,,,,,,,,"Dawson, L. Y.",,,United States,"Massachusetts, Lowell",,,,,,,,,,,,,,,,13-SE,13,SE,42.30215088,-71.12401559,2017-12-31,Alive,,2017-06-14,68,C,,,,,,,,,"Hugh McAllister, 18 Jun 2009, Betula nigra, 3",2.10,No
20095*A,20095,Juglandaceae,Carya,glabra,,Carya glabra,Accepted name,"Rehder, A. 1949. Bibliography of Cultivated Trees and Shrubs Hardy in the Cooler Temperate Regions of the Northern Hemisphere. Jamaica Plain, MA: Arnold Arboretum. 825 pp.",,"Carya ovalis, Carya ovalis var. acuta, Carya ovalis var. hirsuta, Carya ovalis var. obcordata, Carya ovalis var. obovalis, Carya ovalis var. odorata, Carya glabra var. megacarpa, Carya glabra var. hirsuta, Carya leiodermis",Pignut,Tree,20095,07-01-1911,Seed,"Carya sp., Carya ovalis, Carya cf. ovalis",Carya glabra,,,Collected directly from the wild; origin known,S,X,SA,"Prof. Charles Sprague Sargent, Arnold Arboretum, Jamaica Plain, MA, United States",,,,,,"Sargent, C. S.",2,,United States,Pennsylvania,,[Retro-classified with accuracy of 300 km.],Estimated,More than 20 km from the coordinates.,Long-shot - a poor match in the gazetteer or map and/or unresolved ambiguity.,,,,,,,,,,,18-SE,18,SE,42.30107199,-71.12629543,2023-10-31,Good,,2023-10-31,69.8,C,,,,,,,,,,3.2,No
2019*R,2019,Juglandaceae,Carya,glabra,,Carya glabra,Accepted name,"Rehder, A. 1949. Bibliography of Cultivated Trees and Shrubs Hardy in the Cooler Temperate Regions of the Northern Hemisphere. Jamaica Plain, MA: Arnold Arboretum. 825 pp.",,"Carya ovalis, Carya ovalis var. acuta, Carya ovalis var. hirsuta, Carya ovalis var. obcordata, Carya ovalis var. obovalis, Carya ovalis var. odorata, Carya glabra var. megacarpa, Carya glabra var. hirsuta, Carya leiodermis",Pignut,Tree,2019,10-19-1883,Seed,"Carya porcina, Hickoria glabra, Carya glabra",Carya glabra,,,Collected directly from the wild; origin known,S,X,SA,"Mr. Charles E. Faxon, Arnold Arboretum, Jamaica Plain, MA, United States",,,,,,"Faxon, C.E.",,,United States,"Massachusetts, [Suffolk County], Jamaica Plain",,,Estimated,Within 5 km of the coordinates.,"Probable - close match for the locality name in the gazetteer or map, with possible, although unlikely, ambiguity.",,,,,,,,,,,25-SW,25,SW,42.2999657,-71.12566127,2023-10-25,Good,,2023-10-25,47.6,C,,,,,,,,,,3.2,No
20645*A,20645,Sapindaceae,Acer,saccharum,,Acer saccharum,Accepted name,"New England Wild Flower Society, Haines, A. 2011. Flora Novae Angliae. A manual for identification of native and naturalized higher vascular plants of New England. Yale University Press, New Haven and London.",,"Acer saccharophorum, Aster saccharum",Sugar Maple,Tree,20645,11-09-1928,Plant,Acer saccharum,A. saccharum,,,Uncertain origin,,,,"Bay State Nursery, North Abington, MA, United States",,,,,,,,,,,,,,,,,,,,,,,,,,11-NE,11,NE,42.30370116,-71.12007443,2019-10-07,Good,,2019-09-24,85.7,C,,,,,,,,,,1.6,No
5859*A,5859,Fagaceae,Quercus,rubra,,Quercus rubra,Accepted name,"Flora of North America Editorial Committee, eds. 1997. Flora of North America. Magnoliophyta: Magnoliidae and Hamamelidae.",,"Quercus rubra var. rubra, Quercus rubra var. borealis, Quercus rubra var. maxima, Quercus borealis, Quercus borealis var. maxima",Northern Red Oak,Tree,5859,09-02-1908,Seed,"Quercus borealis, Quercus borealis maxima, Quercus rubra maxima",Q. rubra,,,Collected directly from the wild; origin known,S,X,SA,"Mr. Charles E. Faxon, Arnold Arboretum, Jamaica Plain, MA, United States",,,,,,"Faxon, C.E.",,,United States,"New Hampshire, Littleton",,,,,,,,,,,,,,,,26-SW,26,SW,42.29994632,-71.12375725,2023-11-08,Fair,,2017-08-24,80.7,C,,,,,,,,,,2.7,No
